--
-- PostgreSQL database dump
--

-- Dumped from database version 16.2
-- Dumped by pg_dump version 16.2

-- Started on 2024-04-28 14:47:22

SET statement_timeout = 0;
SET lock_timeout = 0;
SET idle_in_transaction_session_timeout = 0;
SET client_encoding = 'UTF8';
SET standard_conforming_strings = on;
SELECT pg_catalog.set_config('search_path', '', false);
SET check_function_bodies = false;
SET xmloption = content;
SET client_min_messages = warning;
SET row_security = off;

--
-- TOC entry 4 (class 2615 OID 2200)
-- Name: public; Type: SCHEMA; Schema: -; Owner: pg_database_owner
--

CREATE SCHEMA public;


ALTER SCHEMA public OWNER TO pg_database_owner;

--
-- TOC entry 4933 (class 0 OID 0)
-- Dependencies: 4
-- Name: SCHEMA public; Type: COMMENT; Schema: -; Owner: pg_database_owner
--

COMMENT ON SCHEMA public IS 'standard public schema';


SET default_tablespace = '';

SET default_table_access_method = heap;

--
-- TOC entry 215 (class 1259 OID 16574)
-- Name: Accounts; Type: TABLE; Schema: public; Owner: postgres
--

CREATE TABLE public."Accounts" (
    "Id" bigint NOT NULL,
    "Name" text NOT NULL,
    "OrganizationId" bigint NOT NULL
);


ALTER TABLE public."Accounts" OWNER TO postgres;

--
-- TOC entry 216 (class 1259 OID 16579)
-- Name: AccountsBalance; Type: TABLE; Schema: public; Owner: postgres
--

CREATE TABLE public."AccountsBalance" (
    "Id" bigint NOT NULL,
    "Date" timestamp with time zone NOT NULL,
    "Amount" numeric NOT NULL,
    "AccountId" bigint NOT NULL
);


ALTER TABLE public."AccountsBalance" OWNER TO postgres;

--
-- TOC entry 217 (class 1259 OID 16584)
-- Name: AccountsBalance_Id_seq; Type: SEQUENCE; Schema: public; Owner: postgres
--

ALTER TABLE public."AccountsBalance" ALTER COLUMN "Id" ADD GENERATED BY DEFAULT AS IDENTITY (
    SEQUENCE NAME public."AccountsBalance_Id_seq"
    START WITH 1
    INCREMENT BY 1
    NO MINVALUE
    NO MAXVALUE
    CACHE 1
);


--
-- TOC entry 218 (class 1259 OID 16585)
-- Name: Accounts_Id_seq; Type: SEQUENCE; Schema: public; Owner: postgres
--

ALTER TABLE public."Accounts" ALTER COLUMN "Id" ADD GENERATED BY DEFAULT AS IDENTITY (
    SEQUENCE NAME public."Accounts_Id_seq"
    START WITH 1
    INCREMENT BY 1
    NO MINVALUE
    NO MAXVALUE
    CACHE 1
);


--
-- TOC entry 219 (class 1259 OID 16586)
-- Name: ActualIncomes; Type: TABLE; Schema: public; Owner: postgres
--

CREATE TABLE public."ActualIncomes" (
    "Id" bigint NOT NULL,
    "StatementId" bigint NOT NULL,
    "Date" timestamp with time zone NOT NULL,
    "Amount" numeric NOT NULL,
    "OrganizationId" bigint NOT NULL
);


ALTER TABLE public."ActualIncomes" OWNER TO postgres;

--
-- TOC entry 220 (class 1259 OID 16591)
-- Name: ActualIncomes_Id_seq; Type: SEQUENCE; Schema: public; Owner: postgres
--

ALTER TABLE public."ActualIncomes" ALTER COLUMN "Id" ADD GENERATED BY DEFAULT AS IDENTITY (
    SEQUENCE NAME public."ActualIncomes_Id_seq"
    START WITH 1
    INCREMENT BY 1
    NO MINVALUE
    NO MAXVALUE
    CACHE 1
);


--
-- TOC entry 221 (class 1259 OID 16592)
-- Name: ActualOutcomes; Type: TABLE; Schema: public; Owner: postgres
--

CREATE TABLE public."ActualOutcomes" (
    "Id" bigint NOT NULL,
    "StatementId" bigint NOT NULL,
    "Date" timestamp with time zone NOT NULL,
    "Amount" numeric NOT NULL,
    "OrganizationId" bigint NOT NULL
);


ALTER TABLE public."ActualOutcomes" OWNER TO postgres;

--
-- TOC entry 222 (class 1259 OID 16597)
-- Name: ActualOutcomes_Id_seq; Type: SEQUENCE; Schema: public; Owner: postgres
--

ALTER TABLE public."ActualOutcomes" ALTER COLUMN "Id" ADD GENERATED BY DEFAULT AS IDENTITY (
    SEQUENCE NAME public."ActualOutcomes_Id_seq"
    START WITH 1
    INCREMENT BY 1
    NO MINVALUE
    NO MAXVALUE
    CACHE 1
);


--
-- TOC entry 223 (class 1259 OID 16598)
-- Name: Attributes; Type: TABLE; Schema: public; Owner: postgres
--

CREATE TABLE public."Attributes" (
    "Id" bigint NOT NULL,
    "Name" text DEFAULT ''::text NOT NULL,
    "SectionId" bigint NOT NULL,
    "Code" bigint NOT NULL
);


ALTER TABLE public."Attributes" OWNER TO postgres;

--
-- TOC entry 224 (class 1259 OID 16604)
-- Name: Attributes_Id_seq; Type: SEQUENCE; Schema: public; Owner: postgres
--

ALTER TABLE public."Attributes" ALTER COLUMN "Id" ADD GENERATED BY DEFAULT AS IDENTITY (
    SEQUENCE NAME public."Attributes_Id_seq"
    START WITH 1
    INCREMENT BY 1
    NO MINVALUE
    NO MAXVALUE
    CACHE 1
);


--
-- TOC entry 241 (class 1259 OID 16762)
-- Name: Balance; Type: TABLE; Schema: public; Owner: postgres
--

CREATE TABLE public."Balance" (
    "Id" bigint NOT NULL,
    "Amount" numeric NOT NULL,
    "AttributesId" bigint NOT NULL,
    "Date" date NOT NULL,
    "OrganizationsId" bigint NOT NULL
);


ALTER TABLE public."Balance" OWNER TO postgres;

--
-- TOC entry 225 (class 1259 OID 16605)
-- Name: IncomeStatements; Type: TABLE; Schema: public; Owner: postgres
--

CREATE TABLE public."IncomeStatements" (
    "Id" bigint NOT NULL,
    "Name" text NOT NULL
);


ALTER TABLE public."IncomeStatements" OWNER TO postgres;

--
-- TOC entry 226 (class 1259 OID 16610)
-- Name: IncomeStatements_Id_seq; Type: SEQUENCE; Schema: public; Owner: postgres
--

ALTER TABLE public."IncomeStatements" ALTER COLUMN "Id" ADD GENERATED BY DEFAULT AS IDENTITY (
    SEQUENCE NAME public."IncomeStatements_Id_seq"
    START WITH 1
    INCREMENT BY 1
    NO MINVALUE
    NO MAXVALUE
    CACHE 1
);


--
-- TOC entry 227 (class 1259 OID 16611)
-- Name: Organizations; Type: TABLE; Schema: public; Owner: postgres
--

CREATE TABLE public."Organizations" (
    "Id" bigint NOT NULL,
    "Name" text NOT NULL,
    "Itn" text DEFAULT ''::text NOT NULL,
    "ActivityCode" text DEFAULT ''::text NOT NULL,
    "Form" text DEFAULT ''::text NOT NULL,
    "Iec" text DEFAULT ''::text NOT NULL
);


ALTER TABLE public."Organizations" OWNER TO postgres;

--
-- TOC entry 228 (class 1259 OID 16620)
-- Name: Organizations_Id_seq; Type: SEQUENCE; Schema: public; Owner: postgres
--

ALTER TABLE public."Organizations" ALTER COLUMN "Id" ADD GENERATED BY DEFAULT AS IDENTITY (
    SEQUENCE NAME public."Organizations_Id_seq"
    START WITH 1
    INCREMENT BY 1
    NO MINVALUE
    NO MAXVALUE
    CACHE 1
);


--
-- TOC entry 229 (class 1259 OID 16621)
-- Name: OutcomeStatements; Type: TABLE; Schema: public; Owner: postgres
--

CREATE TABLE public."OutcomeStatements" (
    "Id" bigint NOT NULL,
    "Name" text NOT NULL
);


ALTER TABLE public."OutcomeStatements" OWNER TO postgres;

--
-- TOC entry 230 (class 1259 OID 16626)
-- Name: OutcomeStatements_Id_seq; Type: SEQUENCE; Schema: public; Owner: postgres
--

ALTER TABLE public."OutcomeStatements" ALTER COLUMN "Id" ADD GENERATED BY DEFAULT AS IDENTITY (
    SEQUENCE NAME public."OutcomeStatements_Id_seq"
    START WITH 1
    INCREMENT BY 1
    NO MINVALUE
    NO MAXVALUE
    CACHE 1
);


--
-- TOC entry 231 (class 1259 OID 16627)
-- Name: PlannedIncomes; Type: TABLE; Schema: public; Owner: postgres
--

CREATE TABLE public."PlannedIncomes" (
    "Id" bigint NOT NULL,
    "StatementId" bigint NOT NULL,
    "Date" timestamp with time zone NOT NULL,
    "Amount" numeric NOT NULL,
    "OrganizationId" bigint NOT NULL
);


ALTER TABLE public."PlannedIncomes" OWNER TO postgres;

--
-- TOC entry 232 (class 1259 OID 16632)
-- Name: PlannedIncomes_Id_seq; Type: SEQUENCE; Schema: public; Owner: postgres
--

ALTER TABLE public."PlannedIncomes" ALTER COLUMN "Id" ADD GENERATED BY DEFAULT AS IDENTITY (
    SEQUENCE NAME public."PlannedIncomes_Id_seq"
    START WITH 1
    INCREMENT BY 1
    NO MINVALUE
    NO MAXVALUE
    CACHE 1
);


--
-- TOC entry 233 (class 1259 OID 16633)
-- Name: PlannedOutcomes; Type: TABLE; Schema: public; Owner: postgres
--

CREATE TABLE public."PlannedOutcomes" (
    "Id" bigint NOT NULL,
    "StatementId" bigint NOT NULL,
    "Date" timestamp with time zone NOT NULL,
    "Amount" numeric NOT NULL,
    "OrganizationId" bigint NOT NULL
);


ALTER TABLE public."PlannedOutcomes" OWNER TO postgres;

--
-- TOC entry 234 (class 1259 OID 16638)
-- Name: PlannedOutcomes_Id_seq; Type: SEQUENCE; Schema: public; Owner: postgres
--

ALTER TABLE public."PlannedOutcomes" ALTER COLUMN "Id" ADD GENERATED BY DEFAULT AS IDENTITY (
    SEQUENCE NAME public."PlannedOutcomes_Id_seq"
    START WITH 1
    INCREMENT BY 1
    NO MINVALUE
    NO MAXVALUE
    CACHE 1
);


--
-- TOC entry 235 (class 1259 OID 16639)
-- Name: Revenues; Type: TABLE; Schema: public; Owner: postgres
--

CREATE TABLE public."Revenues" (
    "Id" bigint NOT NULL,
    "Date" timestamp with time zone NOT NULL,
    "Amount" numeric NOT NULL,
    "OrganizationId" bigint NOT NULL
);


ALTER TABLE public."Revenues" OWNER TO postgres;

--
-- TOC entry 236 (class 1259 OID 16644)
-- Name: Revenues_Id_seq; Type: SEQUENCE; Schema: public; Owner: postgres
--

ALTER TABLE public."Revenues" ALTER COLUMN "Id" ADD GENERATED BY DEFAULT AS IDENTITY (
    SEQUENCE NAME public."Revenues_Id_seq"
    START WITH 1
    INCREMENT BY 1
    NO MINVALUE
    NO MAXVALUE
    CACHE 1
);


--
-- TOC entry 237 (class 1259 OID 16645)
-- Name: Sections; Type: TABLE; Schema: public; Owner: postgres
--

CREATE TABLE public."Sections" (
    "Id" bigint NOT NULL,
    "Name" text DEFAULT ''::text NOT NULL,
    "Type" text NOT NULL
);


ALTER TABLE public."Sections" OWNER TO postgres;

--
-- TOC entry 238 (class 1259 OID 16651)
-- Name: Sections_Id_seq; Type: SEQUENCE; Schema: public; Owner: postgres
--

ALTER TABLE public."Sections" ALTER COLUMN "Id" ADD GENERATED BY DEFAULT AS IDENTITY (
    SEQUENCE NAME public."Sections_Id_seq"
    START WITH 1
    INCREMENT BY 1
    NO MINVALUE
    NO MAXVALUE
    CACHE 1
);


--
-- TOC entry 239 (class 1259 OID 16652)
-- Name: __EFMigrationsHistory; Type: TABLE; Schema: public; Owner: postgres
--

CREATE TABLE public."__EFMigrationsHistory" (
    "MigrationId" character varying(150) NOT NULL,
    "ProductVersion" character varying(32) NOT NULL
);


ALTER TABLE public."__EFMigrationsHistory" OWNER TO postgres;

--
-- TOC entry 240 (class 1259 OID 16761)
-- Name: balance_id_seq; Type: SEQUENCE; Schema: public; Owner: postgres
--

ALTER TABLE public."Balance" ALTER COLUMN "Id" ADD GENERATED BY DEFAULT AS IDENTITY (
    SEQUENCE NAME public.balance_id_seq
    START WITH 1
    INCREMENT BY 1
    NO MINVALUE
    NO MAXVALUE
    CACHE 1
);


--
-- TOC entry 4901 (class 0 OID 16574)
-- Dependencies: 215
-- Data for Name: Accounts; Type: TABLE DATA; Schema: public; Owner: postgres
--

COPY public."Accounts" ("Id", "Name", "OrganizationId") FROM stdin;
1	12345678912345678912	1
2	98765432198765432198	1
3	45678912345678912345	2
4	78945612378945612378	2
\.


--
-- TOC entry 4902 (class 0 OID 16579)
-- Dependencies: 216
-- Data for Name: AccountsBalance; Type: TABLE DATA; Schema: public; Owner: postgres
--

COPY public."AccountsBalance" ("Id", "Date", "Amount", "AccountId") FROM stdin;
1	2024-04-22 00:00:00+03	1116000	1
2	2024-04-21 00:00:00+03	2000000	1
3	2024-04-20 00:00:00+03	1500000	2
4	2024-04-22 00:00:00+03	1487605	2
5	2024-04-19 00:00:00+03	2000102	3
6	2024-04-18 00:00:00+03	986579	3
7	2024-04-22 00:00:00+03	1513650	4
8	2024-04-21 00:00:00+03	1140141	4
9	2024-04-14 00:00:00+03	1902648	1
10	2024-04-21 00:00:00+03	2101009	2
\.


--
-- TOC entry 4905 (class 0 OID 16586)
-- Dependencies: 219
-- Data for Name: ActualIncomes; Type: TABLE DATA; Schema: public; Owner: postgres
--

COPY public."ActualIncomes" ("Id", "StatementId", "Date", "Amount", "OrganizationId") FROM stdin;
1	1	2021-01-01 00:00:00+03	1040000.0	1
2	2	2021-01-01 00:00:00+03	80000.0	1
3	3	2021-01-01 00:00:00+03	60000.0	1
4	4	2021-01-01 00:00:00+03	1000000.0	1
5	5	2021-01-01 00:00:00+03	0.0	1
6	6	2021-01-01 00:00:00+03	0.0	1
7	7	2021-01-01 00:00:00+03	0.0	1
8	8	2021-01-01 00:00:00+03	500000.0	1
9	9	2021-01-01 00:00:00+03	6150000.0	1
10	10	2021-01-01 00:00:00+03	150000.0	1
492	1	2021-02-01 00:00:00+03	1040000.0	1
493	2	2021-02-01 00:00:00+03	80000.0	1
494	3	2021-02-01 00:00:00+03	60000.0	1
495	4	2021-02-01 00:00:00+03	1000000.0	1
496	5	2021-02-01 00:00:00+03	0.0	1
497	6	2021-02-01 00:00:00+03	0.0	1
498	7	2021-02-01 00:00:00+03	0.0	1
499	8	2021-02-01 00:00:00+03	500000.0	1
500	9	2021-02-01 00:00:00+03	6150000.0	1
501	10	2021-02-01 00:00:00+03	150000.0	1
502	1	2021-03-01 00:00:00+03	1040000.0	1
503	2	2021-03-01 00:00:00+03	80000.0	1
504	3	2021-03-01 00:00:00+03	60000.0	1
505	4	2021-03-01 00:00:00+03	1000000.0	1
506	5	2021-03-01 00:00:00+03	0.0	1
507	6	2021-03-01 00:00:00+03	0.0	1
508	7	2021-03-01 00:00:00+03	0.0	1
509	8	2021-03-01 00:00:00+03	500000.0	1
510	9	2021-03-01 00:00:00+03	6150000.0	1
511	10	2021-03-01 00:00:00+03	150000.0	1
512	1	2021-04-01 00:00:00+03	1040000.0	1
513	2	2021-04-01 00:00:00+03	80000.0	1
514	3	2021-04-01 00:00:00+03	60000.0	1
515	4	2021-04-01 00:00:00+03	1000000.0	1
516	5	2021-04-01 00:00:00+03	0.0	1
517	6	2021-04-01 00:00:00+03	0.0	1
518	7	2021-04-01 00:00:00+03	0.0	1
519	8	2021-04-01 00:00:00+03	500000.0	1
520	9	2021-04-01 00:00:00+03	6150000.0	1
521	10	2021-04-01 00:00:00+03	150000.0	1
522	1	2021-05-01 00:00:00+03	1040000.0	1
523	2	2021-05-01 00:00:00+03	80000.0	1
524	3	2021-05-01 00:00:00+03	60000.0	1
525	4	2021-05-01 00:00:00+03	1000000.0	1
526	5	2021-05-01 00:00:00+03	0.0	1
527	6	2021-05-01 00:00:00+03	0.0	1
528	7	2021-05-01 00:00:00+03	0.0	1
529	8	2021-05-01 00:00:00+03	500000.0	1
530	9	2021-05-01 00:00:00+03	6150000.0	1
531	10	2021-05-01 00:00:00+03	150000.0	1
532	1	2021-06-01 00:00:00+03	1040000.0	1
533	2	2021-06-01 00:00:00+03	80000.0	1
534	3	2021-06-01 00:00:00+03	60000.0	1
535	4	2021-06-01 00:00:00+03	1000000.0	1
536	5	2021-06-01 00:00:00+03	0.0	1
537	6	2021-06-01 00:00:00+03	0.0	1
538	7	2021-06-01 00:00:00+03	0.0	1
539	8	2021-06-01 00:00:00+03	500000.0	1
540	9	2021-06-01 00:00:00+03	6150000.0	1
541	10	2021-06-01 00:00:00+03	150000.0	1
542	1	2021-07-01 00:00:00+03	1040000.0	1
543	2	2021-07-01 00:00:00+03	80000.0	1
544	3	2021-07-01 00:00:00+03	60000.0	1
545	4	2021-07-01 00:00:00+03	1000000.0	1
546	5	2021-07-01 00:00:00+03	0.0	1
547	6	2021-07-01 00:00:00+03	0.0	1
548	7	2021-07-01 00:00:00+03	0.0	1
549	8	2021-07-01 00:00:00+03	500000.0	1
550	9	2021-07-01 00:00:00+03	6150000.0	1
551	10	2021-07-01 00:00:00+03	150000.0	1
552	1	2021-08-01 00:00:00+03	1040000.0	1
553	2	2021-08-01 00:00:00+03	80000.0	1
554	3	2021-08-01 00:00:00+03	60000.0	1
555	4	2021-08-01 00:00:00+03	1000000.0	1
556	5	2021-08-01 00:00:00+03	0.0	1
557	6	2021-08-01 00:00:00+03	0.0	1
558	7	2021-08-01 00:00:00+03	0.0	1
559	8	2021-08-01 00:00:00+03	500000.0	1
560	9	2021-08-01 00:00:00+03	6150000.0	1
561	10	2021-08-01 00:00:00+03	150000.0	1
562	1	2021-09-01 00:00:00+03	1040000.0	1
563	2	2021-09-01 00:00:00+03	80000.0	1
564	3	2021-09-01 00:00:00+03	60000.0	1
565	4	2021-09-01 00:00:00+03	1000000.0	1
566	5	2021-09-01 00:00:00+03	0.0	1
567	6	2021-09-01 00:00:00+03	0.0	1
568	7	2021-09-01 00:00:00+03	0.0	1
569	8	2021-09-01 00:00:00+03	500000.0	1
570	9	2021-09-01 00:00:00+03	6150000.0	1
571	10	2021-09-01 00:00:00+03	150000.0	1
572	1	2021-10-01 00:00:00+03	1040000.0	1
573	2	2021-10-01 00:00:00+03	80000.0	1
574	3	2021-10-01 00:00:00+03	60000.0	1
575	4	2021-10-01 00:00:00+03	1000000.0	1
576	5	2021-10-01 00:00:00+03	0.0	1
577	6	2021-10-01 00:00:00+03	0.0	1
578	7	2021-10-01 00:00:00+03	0.0	1
579	8	2021-10-01 00:00:00+03	500000.0	1
580	9	2021-10-01 00:00:00+03	6150000.0	1
581	10	2021-10-01 00:00:00+03	150000.0	1
582	1	2021-11-01 00:00:00+03	1040000.0	1
583	2	2021-11-01 00:00:00+03	80000.0	1
584	3	2021-11-01 00:00:00+03	60000.0	1
585	4	2021-11-01 00:00:00+03	1000000.0	1
586	5	2021-11-01 00:00:00+03	0.0	1
587	6	2021-11-01 00:00:00+03	0.0	1
588	7	2021-11-01 00:00:00+03	0.0	1
589	8	2021-11-01 00:00:00+03	500000.0	1
590	9	2021-11-01 00:00:00+03	6150000.0	1
591	10	2021-11-01 00:00:00+03	150000.0	1
592	1	2021-12-01 00:00:00+03	1040000.0	1
593	2	2021-12-01 00:00:00+03	80000.0	1
594	3	2021-12-01 00:00:00+03	60000.0	1
595	4	2021-12-01 00:00:00+03	1000000.0	1
596	5	2021-12-01 00:00:00+03	0.0	1
597	6	2021-12-01 00:00:00+03	0.0	1
598	7	2021-12-01 00:00:00+03	0.0	1
599	8	2021-12-01 00:00:00+03	500000.0	1
600	9	2021-12-01 00:00:00+03	6150000.0	1
601	10	2021-12-01 00:00:00+03	150000.0	1
602	1	2022-01-01 00:00:00+03	1040000.0	1
603	2	2022-01-01 00:00:00+03	80000.0	1
604	3	2022-01-01 00:00:00+03	60000.0	1
605	4	2022-01-01 00:00:00+03	1000000.0	1
606	5	2022-01-01 00:00:00+03	0.0	1
607	6	2022-01-01 00:00:00+03	0.0	1
608	7	2022-01-01 00:00:00+03	0.0	1
609	8	2022-01-01 00:00:00+03	500000.0	1
610	9	2022-01-01 00:00:00+03	6150000.0	1
611	10	2022-01-01 00:00:00+03	150000.0	1
612	1	2022-02-01 00:00:00+03	1040000.0	1
613	2	2022-02-01 00:00:00+03	80000.0	1
614	3	2022-02-01 00:00:00+03	60000.0	1
615	4	2022-02-01 00:00:00+03	1000000.0	1
616	5	2022-02-01 00:00:00+03	0.0	1
617	6	2022-02-01 00:00:00+03	0.0	1
618	7	2022-02-01 00:00:00+03	0.0	1
619	8	2022-02-01 00:00:00+03	500000.0	1
620	9	2022-02-01 00:00:00+03	6150000.0	1
621	10	2022-02-01 00:00:00+03	150000.0	1
622	1	2022-03-01 00:00:00+03	1040000.0	1
623	2	2022-03-01 00:00:00+03	80000.0	1
624	3	2022-03-01 00:00:00+03	60000.0	1
625	4	2022-03-01 00:00:00+03	1000000.0	1
626	5	2022-03-01 00:00:00+03	0.0	1
627	6	2022-03-01 00:00:00+03	0.0	1
628	7	2022-03-01 00:00:00+03	0.0	1
629	8	2022-03-01 00:00:00+03	500000.0	1
630	9	2022-03-01 00:00:00+03	6150000.0	1
631	10	2022-03-01 00:00:00+03	150000.0	1
632	1	2022-04-01 00:00:00+03	1040000.0	1
633	2	2022-04-01 00:00:00+03	80000.0	1
634	3	2022-04-01 00:00:00+03	60000.0	1
635	4	2022-04-01 00:00:00+03	1000000.0	1
636	5	2022-04-01 00:00:00+03	0.0	1
637	6	2022-04-01 00:00:00+03	0.0	1
638	7	2022-04-01 00:00:00+03	0.0	1
639	8	2022-04-01 00:00:00+03	500000.0	1
640	9	2022-04-01 00:00:00+03	6150000.0	1
641	10	2022-04-01 00:00:00+03	150000.0	1
642	1	2022-05-01 00:00:00+03	1040000.0	1
643	2	2022-05-01 00:00:00+03	80000.0	1
644	3	2022-05-01 00:00:00+03	60000.0	1
645	4	2022-05-01 00:00:00+03	1000000.0	1
646	5	2022-05-01 00:00:00+03	0.0	1
647	6	2022-05-01 00:00:00+03	0.0	1
648	7	2022-05-01 00:00:00+03	0.0	1
649	8	2022-05-01 00:00:00+03	500000.0	1
650	9	2022-05-01 00:00:00+03	6150000.0	1
651	10	2022-05-01 00:00:00+03	150000.0	1
652	1	2022-06-01 00:00:00+03	1040000.0	1
653	2	2022-06-01 00:00:00+03	80000.0	1
654	3	2022-06-01 00:00:00+03	60000.0	1
655	4	2022-06-01 00:00:00+03	1000000.0	1
656	5	2022-06-01 00:00:00+03	0.0	1
657	6	2022-06-01 00:00:00+03	0.0	1
658	7	2022-06-01 00:00:00+03	0.0	1
659	8	2022-06-01 00:00:00+03	500000.0	1
660	9	2022-06-01 00:00:00+03	6150000.0	1
661	10	2022-06-01 00:00:00+03	150000.0	1
662	1	2022-07-01 00:00:00+03	1040000.0	1
663	2	2022-07-01 00:00:00+03	80000.0	1
664	3	2022-07-01 00:00:00+03	60000.0	1
665	4	2022-07-01 00:00:00+03	1000000.0	1
666	5	2022-07-01 00:00:00+03	0.0	1
667	6	2022-07-01 00:00:00+03	0.0	1
668	7	2022-07-01 00:00:00+03	0.0	1
669	8	2022-07-01 00:00:00+03	500000.0	1
670	9	2022-07-01 00:00:00+03	6150000.0	1
671	10	2022-07-01 00:00:00+03	150000.0	1
672	1	2022-08-01 00:00:00+03	1040000.0	1
673	2	2022-08-01 00:00:00+03	80000.0	1
674	3	2022-08-01 00:00:00+03	60000.0	1
675	4	2022-08-01 00:00:00+03	1000000.0	1
676	5	2022-08-01 00:00:00+03	0.0	1
677	6	2022-08-01 00:00:00+03	0.0	1
678	7	2022-08-01 00:00:00+03	0.0	1
679	8	2022-08-01 00:00:00+03	500000.0	1
680	9	2022-08-01 00:00:00+03	6150000.0	1
681	10	2022-08-01 00:00:00+03	150000.0	1
682	1	2022-09-01 00:00:00+03	1040000.0	1
683	2	2022-09-01 00:00:00+03	80000.0	1
684	3	2022-09-01 00:00:00+03	60000.0	1
685	4	2022-09-01 00:00:00+03	1000000.0	1
686	5	2022-09-01 00:00:00+03	0.0	1
687	6	2022-09-01 00:00:00+03	0.0	1
688	7	2022-09-01 00:00:00+03	0.0	1
689	8	2022-09-01 00:00:00+03	500000.0	1
690	9	2022-09-01 00:00:00+03	6150000.0	1
691	10	2022-09-01 00:00:00+03	150000.0	1
692	1	2022-10-01 00:00:00+03	1040000.0	1
693	2	2022-10-01 00:00:00+03	80000.0	1
694	3	2022-10-01 00:00:00+03	60000.0	1
695	4	2022-10-01 00:00:00+03	1000000.0	1
696	5	2022-10-01 00:00:00+03	0.0	1
697	6	2022-10-01 00:00:00+03	0.0	1
698	7	2022-10-01 00:00:00+03	0.0	1
699	8	2022-10-01 00:00:00+03	500000.0	1
700	9	2022-10-01 00:00:00+03	6150000.0	1
701	10	2022-10-01 00:00:00+03	150000.0	1
702	1	2022-11-01 00:00:00+03	1040000.0	1
703	2	2022-11-01 00:00:00+03	80000.0	1
704	3	2022-11-01 00:00:00+03	60000.0	1
705	4	2022-11-01 00:00:00+03	1000000.0	1
706	5	2022-11-01 00:00:00+03	0.0	1
707	6	2022-11-01 00:00:00+03	0.0	1
708	7	2022-11-01 00:00:00+03	0.0	1
709	8	2022-11-01 00:00:00+03	500000.0	1
710	9	2022-11-01 00:00:00+03	6150000.0	1
711	10	2022-11-01 00:00:00+03	150000.0	1
712	1	2022-12-01 00:00:00+03	1040000.0	1
713	2	2022-12-01 00:00:00+03	80000.0	1
714	3	2022-12-01 00:00:00+03	60000.0	1
715	4	2022-12-01 00:00:00+03	1000000.0	1
716	5	2022-12-01 00:00:00+03	0.0	1
717	6	2022-12-01 00:00:00+03	0.0	1
718	7	2022-12-01 00:00:00+03	0.0	1
719	8	2022-12-01 00:00:00+03	500000.0	1
720	9	2022-12-01 00:00:00+03	6150000.0	1
721	10	2022-12-01 00:00:00+03	150000.0	1
722	1	2023-01-01 00:00:00+03	1040000.0	1
723	2	2023-01-01 00:00:00+03	80000.0	1
724	3	2023-01-01 00:00:00+03	60000.0	1
725	4	2023-01-01 00:00:00+03	1000000.0	1
726	5	2023-01-01 00:00:00+03	0.0	1
727	6	2023-01-01 00:00:00+03	0.0	1
728	7	2023-01-01 00:00:00+03	0.0	1
729	8	2023-01-01 00:00:00+03	500000.0	1
730	9	2023-01-01 00:00:00+03	6150000.0	1
731	10	2023-01-01 00:00:00+03	150000.0	1
732	1	2023-02-01 00:00:00+03	1040000.0	1
733	2	2023-02-01 00:00:00+03	80000.0	1
734	3	2023-02-01 00:00:00+03	60000.0	1
735	4	2023-02-01 00:00:00+03	1000000.0	1
736	5	2023-02-01 00:00:00+03	0.0	1
737	6	2023-02-01 00:00:00+03	0.0	1
738	7	2023-02-01 00:00:00+03	0.0	1
739	8	2023-02-01 00:00:00+03	500000.0	1
740	9	2023-02-01 00:00:00+03	6150000.0	1
741	10	2023-02-01 00:00:00+03	150000.0	1
742	1	2023-03-01 00:00:00+03	1040000.0	1
743	2	2023-03-01 00:00:00+03	80000.0	1
744	3	2023-03-01 00:00:00+03	60000.0	1
745	4	2023-03-01 00:00:00+03	1000000.0	1
746	5	2023-03-01 00:00:00+03	0.0	1
747	6	2023-03-01 00:00:00+03	0.0	1
748	7	2023-03-01 00:00:00+03	0.0	1
749	8	2023-03-01 00:00:00+03	500000.0	1
750	9	2023-03-01 00:00:00+03	6150000.0	1
751	10	2023-03-01 00:00:00+03	150000.0	1
752	1	2023-04-01 00:00:00+03	1040000.0	1
753	2	2023-04-01 00:00:00+03	80000.0	1
754	3	2023-04-01 00:00:00+03	60000.0	1
755	4	2023-04-01 00:00:00+03	1000000.0	1
756	5	2023-04-01 00:00:00+03	0.0	1
757	6	2023-04-01 00:00:00+03	0.0	1
758	7	2023-04-01 00:00:00+03	0.0	1
759	8	2023-04-01 00:00:00+03	500000.0	1
760	9	2023-04-01 00:00:00+03	6150000.0	1
761	10	2023-04-01 00:00:00+03	150000.0	1
762	1	2023-05-01 00:00:00+03	1040000.0	1
763	2	2023-05-01 00:00:00+03	80000.0	1
764	3	2023-05-01 00:00:00+03	60000.0	1
765	4	2023-05-01 00:00:00+03	1000000.0	1
766	5	2023-05-01 00:00:00+03	0.0	1
767	6	2023-05-01 00:00:00+03	0.0	1
768	7	2023-05-01 00:00:00+03	0.0	1
769	8	2023-05-01 00:00:00+03	500000.0	1
770	9	2023-05-01 00:00:00+03	6150000.0	1
771	10	2023-05-01 00:00:00+03	150000.0	1
772	1	2023-06-01 00:00:00+03	1040000.0	1
773	2	2023-06-01 00:00:00+03	80000.0	1
774	3	2023-06-01 00:00:00+03	60000.0	1
775	4	2023-06-01 00:00:00+03	1000000.0	1
776	5	2023-06-01 00:00:00+03	0.0	1
777	6	2023-06-01 00:00:00+03	0.0	1
778	7	2023-06-01 00:00:00+03	0.0	1
779	8	2023-06-01 00:00:00+03	500000.0	1
780	9	2023-06-01 00:00:00+03	6150000.0	1
781	10	2023-06-01 00:00:00+03	150000.0	1
782	1	2023-07-01 00:00:00+03	1040000.0	1
783	2	2023-07-01 00:00:00+03	80000.0	1
784	3	2023-07-01 00:00:00+03	60000.0	1
785	4	2023-07-01 00:00:00+03	1000000.0	1
786	5	2023-07-01 00:00:00+03	0.0	1
787	6	2023-07-01 00:00:00+03	0.0	1
788	7	2023-07-01 00:00:00+03	0.0	1
789	8	2023-07-01 00:00:00+03	500000.0	1
790	9	2023-07-01 00:00:00+03	6150000.0	1
791	10	2023-07-01 00:00:00+03	150000.0	1
792	1	2023-08-01 00:00:00+03	1040000.0	1
793	2	2023-08-01 00:00:00+03	80000.0	1
794	3	2023-08-01 00:00:00+03	60000.0	1
795	4	2023-08-01 00:00:00+03	1000000.0	1
796	5	2023-08-01 00:00:00+03	0.0	1
797	6	2023-08-01 00:00:00+03	0.0	1
798	7	2023-08-01 00:00:00+03	0.0	1
799	8	2023-08-01 00:00:00+03	500000.0	1
800	9	2023-08-01 00:00:00+03	6150000.0	1
801	10	2023-08-01 00:00:00+03	150000.0	1
802	1	2023-09-01 00:00:00+03	1040000.0	1
803	2	2023-09-01 00:00:00+03	80000.0	1
804	3	2023-09-01 00:00:00+03	60000.0	1
805	4	2023-09-01 00:00:00+03	1000000.0	1
806	5	2023-09-01 00:00:00+03	0.0	1
807	6	2023-09-01 00:00:00+03	0.0	1
808	7	2023-09-01 00:00:00+03	0.0	1
809	8	2023-09-01 00:00:00+03	500000.0	1
810	9	2023-09-01 00:00:00+03	6150000.0	1
811	10	2023-09-01 00:00:00+03	150000.0	1
812	1	2023-10-01 00:00:00+03	1040000.0	1
813	2	2023-10-01 00:00:00+03	80000.0	1
814	3	2023-10-01 00:00:00+03	60000.0	1
815	4	2023-10-01 00:00:00+03	1000000.0	1
816	5	2023-10-01 00:00:00+03	0.0	1
817	6	2023-10-01 00:00:00+03	0.0	1
818	7	2023-10-01 00:00:00+03	0.0	1
819	8	2023-10-01 00:00:00+03	500000.0	1
820	9	2023-10-01 00:00:00+03	6150000.0	1
821	10	2023-10-01 00:00:00+03	150000.0	1
822	1	2023-11-01 00:00:00+03	1040000.0	1
823	2	2023-11-01 00:00:00+03	80000.0	1
824	3	2023-11-01 00:00:00+03	60000.0	1
825	4	2023-11-01 00:00:00+03	1000000.0	1
826	5	2023-11-01 00:00:00+03	0.0	1
827	6	2023-11-01 00:00:00+03	0.0	1
828	7	2023-11-01 00:00:00+03	0.0	1
829	8	2023-11-01 00:00:00+03	500000.0	1
830	9	2023-11-01 00:00:00+03	6150000.0	1
831	10	2023-11-01 00:00:00+03	150000.0	1
832	1	2023-12-01 00:00:00+03	1040000.0	1
833	2	2023-12-01 00:00:00+03	80000.0	1
834	3	2023-12-01 00:00:00+03	60000.0	1
835	4	2023-12-01 00:00:00+03	1000000.0	1
836	5	2023-12-01 00:00:00+03	0.0	1
837	6	2023-12-01 00:00:00+03	0.0	1
838	7	2023-12-01 00:00:00+03	0.0	1
839	8	2023-12-01 00:00:00+03	500000.0	1
840	9	2023-12-01 00:00:00+03	6150000.0	1
841	10	2023-12-01 00:00:00+03	150000.0	1
842	1	2024-01-01 00:00:00+03	1040000.0	1
843	2	2024-01-01 00:00:00+03	80000.0	1
844	3	2024-01-01 00:00:00+03	60000.0	1
845	4	2024-01-01 00:00:00+03	1000000.0	1
846	5	2024-01-01 00:00:00+03	0.0	1
847	6	2024-01-01 00:00:00+03	0.0	1
848	7	2024-01-01 00:00:00+03	0.0	1
849	8	2024-01-01 00:00:00+03	500000.0	1
850	9	2024-01-01 00:00:00+03	6150000.0	1
851	10	2024-01-01 00:00:00+03	150000.0	1
852	1	2024-02-01 00:00:00+03	1040000.0	1
853	2	2024-02-01 00:00:00+03	80000.0	1
854	3	2024-02-01 00:00:00+03	60000.0	1
855	4	2024-02-01 00:00:00+03	1000000.0	1
856	5	2024-02-01 00:00:00+03	0.0	1
857	6	2024-02-01 00:00:00+03	0.0	1
858	7	2024-02-01 00:00:00+03	0.0	1
859	8	2024-02-01 00:00:00+03	500000.0	1
860	9	2024-02-01 00:00:00+03	6150000.0	1
861	10	2024-02-01 00:00:00+03	150000.0	1
862	1	2024-03-01 00:00:00+03	1040000.0	1
863	2	2024-03-01 00:00:00+03	80000.0	1
864	3	2024-03-01 00:00:00+03	60000.0	1
865	4	2024-03-01 00:00:00+03	1000000.0	1
866	5	2024-03-01 00:00:00+03	0.0	1
867	6	2024-03-01 00:00:00+03	0.0	1
868	7	2024-03-01 00:00:00+03	0.0	1
869	8	2024-03-01 00:00:00+03	500000.0	1
870	9	2024-03-01 00:00:00+03	6150000.0	1
871	10	2024-03-01 00:00:00+03	150000.0	1
872	1	2024-04-01 00:00:00+03	1040000.0	1
873	2	2024-04-01 00:00:00+03	80000.0	1
874	3	2024-04-01 00:00:00+03	60000.0	1
875	4	2024-04-01 00:00:00+03	1000000.0	1
876	5	2024-04-01 00:00:00+03	0.0	1
877	6	2024-04-01 00:00:00+03	0.0	1
878	7	2024-04-01 00:00:00+03	0.0	1
879	8	2024-04-01 00:00:00+03	500000.0	1
880	9	2024-04-01 00:00:00+03	6150000.0	1
881	10	2024-04-01 00:00:00+03	150000.0	1
882	1	2024-05-01 00:00:00+03	0	1
883	2	2024-05-01 00:00:00+03	0	1
884	3	2024-05-01 00:00:00+03	0	1
885	4	2024-05-01 00:00:00+03	0	1
886	5	2024-05-01 00:00:00+03	0	1
887	6	2024-05-01 00:00:00+03	0	1
888	7	2024-05-01 00:00:00+03	0	1
889	8	2024-05-01 00:00:00+03	0	1
890	9	2024-05-01 00:00:00+03	0	1
891	10	2024-05-01 00:00:00+03	0	1
892	1	2024-06-01 00:00:00+03	0	1
893	2	2024-06-01 00:00:00+03	0	1
894	3	2024-06-01 00:00:00+03	0	1
895	4	2024-06-01 00:00:00+03	0	1
896	5	2024-06-01 00:00:00+03	0	1
897	6	2024-06-01 00:00:00+03	0	1
898	7	2024-06-01 00:00:00+03	0	1
899	8	2024-06-01 00:00:00+03	0	1
900	9	2024-06-01 00:00:00+03	0	1
901	10	2024-06-01 00:00:00+03	0	1
902	1	2024-07-01 00:00:00+03	0	1
903	2	2024-07-01 00:00:00+03	0	1
904	3	2024-07-01 00:00:00+03	0	1
905	4	2024-07-01 00:00:00+03	0	1
906	5	2024-07-01 00:00:00+03	0	1
907	6	2024-07-01 00:00:00+03	0	1
908	7	2024-07-01 00:00:00+03	0	1
909	8	2024-07-01 00:00:00+03	0	1
910	9	2024-07-01 00:00:00+03	0	1
911	10	2024-07-01 00:00:00+03	0	1
912	1	2024-08-01 00:00:00+03	0	1
913	2	2024-08-01 00:00:00+03	0	1
914	3	2024-08-01 00:00:00+03	0	1
915	4	2024-08-01 00:00:00+03	0	1
916	5	2024-08-01 00:00:00+03	0	1
917	6	2024-08-01 00:00:00+03	0	1
918	7	2024-08-01 00:00:00+03	0	1
919	8	2024-08-01 00:00:00+03	0	1
920	9	2024-08-01 00:00:00+03	0	1
921	10	2024-08-01 00:00:00+03	0	1
922	1	2024-09-01 00:00:00+03	0	1
923	2	2024-09-01 00:00:00+03	0	1
924	3	2024-09-01 00:00:00+03	0	1
925	4	2024-09-01 00:00:00+03	0	1
926	5	2024-09-01 00:00:00+03	0	1
927	6	2024-09-01 00:00:00+03	0	1
928	7	2024-09-01 00:00:00+03	0	1
929	8	2024-09-01 00:00:00+03	0	1
930	9	2024-09-01 00:00:00+03	0	1
931	10	2024-09-01 00:00:00+03	0	1
932	1	2024-10-01 00:00:00+03	0	1
933	2	2024-10-01 00:00:00+03	0	1
934	3	2024-10-01 00:00:00+03	0	1
935	4	2024-10-01 00:00:00+03	0	1
936	5	2024-10-01 00:00:00+03	0	1
937	6	2024-10-01 00:00:00+03	0	1
938	7	2024-10-01 00:00:00+03	0	1
939	8	2024-10-01 00:00:00+03	0	1
940	9	2024-10-01 00:00:00+03	0	1
941	10	2024-10-01 00:00:00+03	0	1
942	1	2024-11-01 00:00:00+03	0	1
943	2	2024-11-01 00:00:00+03	0	1
944	3	2024-11-01 00:00:00+03	0	1
945	4	2024-11-01 00:00:00+03	0	1
946	5	2024-11-01 00:00:00+03	0	1
947	6	2024-11-01 00:00:00+03	0	1
948	7	2024-11-01 00:00:00+03	0	1
949	8	2024-11-01 00:00:00+03	0	1
950	9	2024-11-01 00:00:00+03	0	1
951	10	2024-11-01 00:00:00+03	0	1
952	1	2024-12-01 00:00:00+03	0	1
953	2	2024-12-01 00:00:00+03	0	1
954	3	2024-12-01 00:00:00+03	0	1
955	4	2024-12-01 00:00:00+03	0	1
956	5	2024-12-01 00:00:00+03	0	1
957	6	2024-12-01 00:00:00+03	0	1
958	7	2024-12-01 00:00:00+03	0	1
959	8	2024-12-01 00:00:00+03	0	1
960	9	2024-12-01 00:00:00+03	0	1
961	10	2024-12-01 00:00:00+03	0	1
\.


--
-- TOC entry 4907 (class 0 OID 16592)
-- Dependencies: 221
-- Data for Name: ActualOutcomes; Type: TABLE DATA; Schema: public; Owner: postgres
--

COPY public."ActualOutcomes" ("Id", "StatementId", "Date", "Amount", "OrganizationId") FROM stdin;
5771	1	2023-01-01 00:00:00+03	10000	1
5772	2	2023-01-01 00:00:00+03	150000	1
5773	3	2023-01-01 00:00:00+03	50000	1
5774	4	2023-01-01 00:00:00+03	2000000	1
5775	5	2023-01-01 00:00:00+03	400000	1
5776	6	2023-01-01 00:00:00+03	14000	1
5777	7	2023-01-01 00:00:00+03	19000	1
5778	8	2023-01-01 00:00:00+03	20000	1
5779	9	2023-01-01 00:00:00+03	100000	1
5780	10	2023-01-01 00:00:00+03	1000000	1
5781	11	2023-01-01 00:00:00+03	65000	1
5782	12	2023-01-01 00:00:00+03	150000	1
5783	13	2023-01-01 00:00:00+03	150000	1
5784	14	2023-01-01 00:00:00+03	100000	1
5785	15	2023-01-01 00:00:00+03	98000	1
5786	16	2023-01-01 00:00:00+03	0	1
5787	17	2023-01-01 00:00:00+03	103000	1
5788	18	2023-01-01 00:00:00+03	99000	1
5789	19	2023-01-01 00:00:00+03	60000	1
5790	20	2023-01-01 00:00:00+03	30000	1
5791	1	2023-02-01 00:00:00+03	0	1
5792	2	2023-02-01 00:00:00+03	150000	1
5793	3	2023-02-01 00:00:00+03	50000	1
5794	4	2023-02-01 00:00:00+03	2000000	1
5795	5	2023-02-01 00:00:00+03	400000	1
5796	6	2023-02-01 00:00:00+03	14000	1
5797	7	2023-02-01 00:00:00+03	19000	1
5798	8	2023-02-01 00:00:00+03	20000	1
5799	9	2023-02-01 00:00:00+03	100000	1
5800	10	2023-02-01 00:00:00+03	1000000	1
5801	11	2023-02-01 00:00:00+03	65000	1
5802	12	2023-02-01 00:00:00+03	150000	1
5803	13	2023-02-01 00:00:00+03	150000	1
5804	14	2023-02-01 00:00:00+03	100000	1
5805	15	2023-02-01 00:00:00+03	98000	1
5806	16	2023-02-01 00:00:00+03	500000	1
5807	17	2023-02-01 00:00:00+03	103000	1
5808	18	2023-02-01 00:00:00+03	99000	1
5809	19	2023-02-01 00:00:00+03	60000	1
5810	20	2023-02-01 00:00:00+03	30000	1
5811	1	2023-03-01 00:00:00+03	170000	1
5812	2	2023-03-01 00:00:00+03	150000	1
5813	3	2023-03-01 00:00:00+03	50000	1
5814	4	2023-03-01 00:00:00+03	2000000	1
5815	5	2023-03-01 00:00:00+03	400000	1
5816	6	2023-03-01 00:00:00+03	50000	1
5817	7	2023-03-01 00:00:00+03	20000	1
5818	8	2023-03-01 00:00:00+03	20000	1
5819	9	2023-03-01 00:00:00+03	100000	1
5820	10	2023-03-01 00:00:00+03	1000000	1
7161	1	2023-06-01 00:00:00+03	10000	1
7162	2	2023-06-01 00:00:00+03	150000	1
7163	3	2023-06-01 00:00:00+03	50000	1
7164	4	2023-06-01 00:00:00+03	2000000	1
7165	5	2023-06-01 00:00:00+03	400000	1
7166	6	2023-06-01 00:00:00+03	14000	1
7167	7	2023-06-01 00:00:00+03	19000	1
7168	8	2023-06-01 00:00:00+03	20000	1
7169	9	2023-06-01 00:00:00+03	100000	1
7170	10	2023-06-01 00:00:00+03	1000000	1
7171	11	2023-06-01 00:00:00+03	65000	1
7172	12	2023-06-01 00:00:00+03	150000	1
7173	13	2023-06-01 00:00:00+03	150000	1
7174	14	2023-06-01 00:00:00+03	100000	1
7175	15	2023-06-01 00:00:00+03	98000	1
7176	16	2023-06-01 00:00:00+03	0	1
7177	17	2023-06-01 00:00:00+03	103000	1
7178	18	2023-06-01 00:00:00+03	99000	1
7179	19	2023-06-01 00:00:00+03	60000	1
7180	20	2023-06-01 00:00:00+03	30000	1
7181	1	2023-07-01 00:00:00+03	0	1
7182	2	2023-07-01 00:00:00+03	150000	1
7183	3	2023-07-01 00:00:00+03	50000	1
7184	4	2023-07-01 00:00:00+03	2000000	1
7185	5	2023-07-01 00:00:00+03	400000	1
7186	6	2023-07-01 00:00:00+03	0	1
7187	7	2023-07-01 00:00:00+03	20000	1
7188	8	2023-07-01 00:00:00+03	20000	1
7189	9	2023-07-01 00:00:00+03	100000	1
7190	10	2023-07-01 00:00:00+03	1000000	1
7191	11	2023-07-01 00:00:00+03	100000	1
7192	12	2023-07-01 00:00:00+03	150000	1
7193	13	2023-07-01 00:00:00+03	150000	1
7194	14	2023-07-01 00:00:00+03	100000	1
7195	15	2023-07-01 00:00:00+03	33000	1
7196	16	2023-07-01 00:00:00+03	0	1
7197	17	2023-07-01 00:00:00+03	100000	1
7198	18	2023-07-01 00:00:00+03	100000	1
7199	19	2023-07-01 00:00:00+03	60000	1
7200	20	2023-07-01 00:00:00+03	30000	1
7201	1	2023-08-01 00:00:00+03	0	1
7202	2	2023-08-01 00:00:00+03	150000	1
7203	3	2023-08-01 00:00:00+03	50000	1
7204	4	2023-08-01 00:00:00+03	2000000	1
7205	5	2023-08-01 00:00:00+03	400000	1
7206	6	2023-08-01 00:00:00+03	50000	1
7207	7	2023-08-01 00:00:00+03	20000	1
7208	8	2023-08-01 00:00:00+03	20000	1
7209	9	2023-08-01 00:00:00+03	100000	1
7210	10	2023-08-01 00:00:00+03	1000000	1
7211	11	2023-08-01 00:00:00+03	100000	1
7212	12	2023-08-01 00:00:00+03	150000	1
7213	13	2023-08-01 00:00:00+03	150000	1
7214	14	2023-08-01 00:00:00+03	100000	1
7215	15	2023-08-01 00:00:00+03	90000	1
7216	16	2023-08-01 00:00:00+03	0	1
7217	17	2023-08-01 00:00:00+03	100000	1
7218	18	2023-08-01 00:00:00+03	100000	1
7219	19	2023-08-01 00:00:00+03	60000	1
7220	20	2023-08-01 00:00:00+03	30000	1
7551	11	2023-09-01 00:00:00+03	500000	1
7552	12	2023-09-01 00:00:00+03	150000	1
7553	13	2023-09-01 00:00:00+03	150000	1
7554	14	2023-09-01 00:00:00+03	100000	1
7555	15	2023-09-01 00:00:00+03	40000	1
7556	16	2023-09-01 00:00:00+03	0	1
7557	17	2023-09-01 00:00:00+03	100000	1
7558	18	2023-09-01 00:00:00+03	100000	1
7559	19	2023-09-01 00:00:00+03	60000	1
7560	20	2023-09-01 00:00:00+03	30000	1
7561	1	2023-10-01 00:00:00+03	84000	1
7562	2	2023-10-01 00:00:00+03	170000	1
7563	3	2023-10-01 00:00:00+03	80000	1
7564	4	2023-10-01 00:00:00+03	2000000	1
7565	5	2023-10-01 00:00:00+03	200000	1
7566	6	2023-10-01 00:00:00+03	41000	1
7567	7	2023-10-01 00:00:00+03	25000	1
7568	8	2023-10-01 00:00:00+03	20000	1
7569	9	2023-10-01 00:00:00+03	100000	1
7570	10	2023-10-01 00:00:00+03	1000000	1
7571	11	2023-10-01 00:00:00+03	500000	1
7572	12	2023-10-01 00:00:00+03	150000	1
7573	13	2023-10-01 00:00:00+03	150000	1
7574	14	2023-10-01 00:00:00+03	100000	1
7575	15	2023-10-01 00:00:00+03	0	1
7576	16	2023-10-01 00:00:00+03	0	1
7577	17	2023-10-01 00:00:00+03	100000	1
7578	18	2023-10-01 00:00:00+03	100000	1
7579	19	2023-10-01 00:00:00+03	60000	1
7580	20	2023-10-01 00:00:00+03	30000	1
7581	1	2023-11-01 00:00:00+03	0	1
7582	2	2023-11-01 00:00:00+03	170000	1
7583	3	2023-11-01 00:00:00+03	80000	1
7584	4	2023-11-01 00:00:00+03	2000000	1
7585	5	2023-11-01 00:00:00+03	200000	1
7586	6	2023-11-01 00:00:00+03	41000	1
7587	7	2023-11-01 00:00:00+03	25000	1
7588	8	2023-11-01 00:00:00+03	20000	1
7589	9	2023-11-01 00:00:00+03	100000	1
7590	10	2023-11-01 00:00:00+03	1000000	1
7591	11	2023-11-01 00:00:00+03	100000	1
7592	12	2023-11-01 00:00:00+03	150000	1
7593	13	2023-11-01 00:00:00+03	150000	1
7594	14	2023-11-01 00:00:00+03	100000	1
7595	15	2023-11-01 00:00:00+03	0	1
7596	16	2023-11-01 00:00:00+03	0	1
7597	17	2023-11-01 00:00:00+03	100000	1
7598	18	2023-11-01 00:00:00+03	100000	1
7599	19	2023-11-01 00:00:00+03	60000	1
7600	20	2023-11-01 00:00:00+03	30000	1
7601	1	2023-12-01 00:00:00+03	0	1
7602	2	2023-12-01 00:00:00+03	170000	1
7603	3	2023-12-01 00:00:00+03	80000	1
7604	4	2023-12-01 00:00:00+03	2000000	1
7605	5	2023-12-01 00:00:00+03	200000	1
7606	6	2023-12-01 00:00:00+03	41000	1
7607	7	2023-12-01 00:00:00+03	25000	1
7608	8	2023-12-01 00:00:00+03	20000	1
7609	9	2023-12-01 00:00:00+03	100000	1
7610	10	2023-12-01 00:00:00+03	1000000	1
7611	11	2023-12-01 00:00:00+03	100000	1
7612	12	2023-12-01 00:00:00+03	150000	1
7613	13	2023-12-01 00:00:00+03	150000	1
7614	14	2023-12-01 00:00:00+03	100000	1
7615	15	2023-12-01 00:00:00+03	0	1
7616	16	2023-12-01 00:00:00+03	0	1
7617	17	2023-12-01 00:00:00+03	100000	1
7618	18	2023-12-01 00:00:00+03	100000	1
7619	19	2023-12-01 00:00:00+03	60000	1
7620	20	2023-12-01 00:00:00+03	30000	1
7621	1	2022-01-01 00:00:00+03	0	1
7622	2	2022-01-01 00:00:00+03	150000	1
7623	3	2022-01-01 00:00:00+03	50000	1
7624	4	2022-01-01 00:00:00+03	2000000	1
7625	5	2022-01-01 00:00:00+03	400000	1
7626	6	2022-01-01 00:00:00+03	50000	1
7627	7	2022-01-01 00:00:00+03	20000	1
7628	8	2022-01-01 00:00:00+03	20000	1
7629	9	2022-01-01 00:00:00+03	100000	1
7630	10	2022-01-01 00:00:00+03	1000000	1
7631	11	2022-01-01 00:00:00+03	500000	1
7632	12	2022-01-01 00:00:00+03	150000	1
7633	13	2022-01-01 00:00:00+03	150000	1
7634	14	2022-01-01 00:00:00+03	100000	1
7635	15	2022-01-01 00:00:00+03	90000	1
7636	16	2022-01-01 00:00:00+03	2000000	1
7637	17	2022-01-01 00:00:00+03	100000	1
7638	18	2022-01-01 00:00:00+03	100000	1
7639	19	2022-01-01 00:00:00+03	60000	1
7640	20	2022-01-01 00:00:00+03	30000	1
7641	1	2022-02-01 00:00:00+03	0	1
7642	2	2022-02-01 00:00:00+03	150000	1
7643	3	2022-02-01 00:00:00+03	50000	1
7644	4	2022-02-01 00:00:00+03	2000000	1
7645	5	2022-02-01 00:00:00+03	260000	1
7646	6	2022-02-01 00:00:00+03	0	1
7647	7	2022-02-01 00:00:00+03	20000	1
7648	8	2022-02-01 00:00:00+03	25000	1
7649	9	2022-02-01 00:00:00+03	55000	1
7650	10	2022-02-01 00:00:00+03	1000000	1
7651	11	2022-02-01 00:00:00+03	320000	1
7652	12	2022-02-01 00:00:00+03	0	1
7653	13	2022-02-01 00:00:00+03	160000	1
7654	14	2022-02-01 00:00:00+03	100000	1
7655	15	2022-02-01 00:00:00+03	90000	1
7656	16	2022-02-01 00:00:00+03	2000000	1
7657	17	2022-02-01 00:00:00+03	100000	1
7658	18	2022-02-01 00:00:00+03	100000	1
7659	19	2022-02-01 00:00:00+03	60000	1
7660	20	2022-02-01 00:00:00+03	30000	1
7661	1	2022-03-01 00:00:00+03	0	1
7662	2	2022-03-01 00:00:00+03	20000	1
7663	3	2022-03-01 00:00:00+03	70000	1
7664	4	2022-03-01 00:00:00+03	2500000	1
7665	5	2022-03-01 00:00:00+03	20000	1
7666	6	2022-03-01 00:00:00+03	0	1
7667	7	2022-03-01 00:00:00+03	25000	1
7668	8	2022-03-01 00:00:00+03	30000	1
7669	9	2022-03-01 00:00:00+03	45000	1
7670	10	2022-03-01 00:00:00+03	1050000	1
7671	11	2022-03-01 00:00:00+03	600000	1
7672	12	2022-03-01 00:00:00+03	0	1
7673	13	2022-03-01 00:00:00+03	190000	1
7674	14	2022-03-01 00:00:00+03	120000	1
7675	15	2022-03-01 00:00:00+03	0	1
7676	16	2022-03-01 00:00:00+03	0	1
7677	17	2022-03-01 00:00:00+03	27000	1
7678	18	2022-03-01 00:00:00+03	100000	1
7679	19	2022-03-01 00:00:00+03	60000	1
7680	20	2022-03-01 00:00:00+03	30000	1
7681	1	2022-04-01 00:00:00+03	520000	1
7682	2	2022-04-01 00:00:00+03	150000	1
7683	3	2022-04-01 00:00:00+03	70000	1
7684	4	2022-04-01 00:00:00+03	2500000	1
7685	5	2022-04-01 00:00:00+03	20000	1
7686	6	2022-04-01 00:00:00+03	0	1
7687	7	2022-04-01 00:00:00+03	25000	1
7688	8	2022-04-01 00:00:00+03	31000	1
7689	9	2022-04-01 00:00:00+03	60000	1
7690	10	2022-04-01 00:00:00+03	1050000	1
7691	11	2022-04-01 00:00:00+03	200000	1
7692	12	2022-04-01 00:00:00+03	0	1
7693	13	2022-04-01 00:00:00+03	190000	1
7694	14	2022-04-01 00:00:00+03	120000	1
7695	15	2022-04-01 00:00:00+03	0	1
7696	16	2022-04-01 00:00:00+03	0	1
7697	17	2022-04-01 00:00:00+03	27000	1
7698	18	2022-04-01 00:00:00+03	120000	1
7699	19	2022-04-01 00:00:00+03	60000	1
7700	20	2022-04-01 00:00:00+03	30000	1
7701	1	2022-05-01 00:00:00+03	0	1
7702	2	2022-05-01 00:00:00+03	170000	1
7703	3	2022-05-01 00:00:00+03	80000	1
7704	4	2022-05-01 00:00:00+03	2000000	1
7705	5	2022-05-01 00:00:00+03	200000	1
7706	6	2022-05-01 00:00:00+03	41000	1
7707	7	2022-05-01 00:00:00+03	25000	1
7708	8	2022-05-01 00:00:00+03	20000	1
7709	9	2022-05-01 00:00:00+03	100000	1
7710	10	2022-05-01 00:00:00+03	1000000	1
7711	11	2022-05-01 00:00:00+03	100000	1
7712	12	2022-05-01 00:00:00+03	150000	1
7713	13	2022-05-01 00:00:00+03	150000	1
7714	14	2022-05-01 00:00:00+03	100000	1
7715	15	2022-05-01 00:00:00+03	0	1
7716	16	2022-05-01 00:00:00+03	0	1
7717	17	2022-05-01 00:00:00+03	100000	1
7718	18	2022-05-01 00:00:00+03	100000	1
7719	19	2022-05-01 00:00:00+03	60000	1
7720	20	2022-05-01 00:00:00+03	30000	1
7721	1	2022-06-01 00:00:00+03	0	1
7722	2	2022-06-01 00:00:00+03	150000	1
7723	3	2022-06-01 00:00:00+03	70000	1
7724	4	2022-06-01 00:00:00+03	2500000	1
7725	5	2022-06-01 00:00:00+03	20000	1
7726	6	2022-06-01 00:00:00+03	0	1
7727	7	2022-06-01 00:00:00+03	25000	1
7728	8	2022-06-01 00:00:00+03	30000	1
7729	9	2022-06-01 00:00:00+03	60000	1
7730	10	2022-06-01 00:00:00+03	1050000	1
7731	11	2022-06-01 00:00:00+03	200000	1
7732	12	2022-06-01 00:00:00+03	0	1
7733	13	2022-06-01 00:00:00+03	190000	1
7734	14	2022-06-01 00:00:00+03	120000	1
7735	15	2022-06-01 00:00:00+03	0	1
7736	16	2022-06-01 00:00:00+03	0	1
7737	17	2022-06-01 00:00:00+03	0	1
7738	18	2022-06-01 00:00:00+03	120000	1
7739	19	2022-06-01 00:00:00+03	60000	1
7740	20	2022-06-01 00:00:00+03	30000	1
7741	1	2022-07-01 00:00:00+03	0	1
7742	2	2022-07-01 00:00:00+03	150000	1
7743	3	2022-07-01 00:00:00+03	70000	1
7744	4	2022-07-01 00:00:00+03	2500000	1
7745	5	2022-07-01 00:00:00+03	20000	1
7746	6	2022-07-01 00:00:00+03	0	1
7747	7	2022-07-01 00:00:00+03	25000	1
7748	8	2022-07-01 00:00:00+03	30000	1
7749	9	2022-07-01 00:00:00+03	60000	1
7750	10	2022-07-01 00:00:00+03	1050000	1
7751	11	2022-07-01 00:00:00+03	200000	1
7752	12	2022-07-01 00:00:00+03	0	1
7753	13	2022-07-01 00:00:00+03	190000	1
7754	14	2022-07-01 00:00:00+03	120000	1
7755	15	2022-07-01 00:00:00+03	0	1
7756	16	2022-07-01 00:00:00+03	0	1
7757	17	2022-07-01 00:00:00+03	27000	1
7758	18	2022-07-01 00:00:00+03	120000	1
7759	19	2022-07-01 00:00:00+03	60000	1
7760	20	2022-07-01 00:00:00+03	30000	1
7761	1	2022-08-01 00:00:00+03	60000	1
7762	2	2022-08-01 00:00:00+03	150000	1
7763	3	2022-08-01 00:00:00+03	70000	1
7764	4	2022-08-01 00:00:00+03	2500000	1
7765	5	2022-08-01 00:00:00+03	20000	1
7766	6	2022-08-01 00:00:00+03	0	1
7767	7	2022-08-01 00:00:00+03	25000	1
7768	8	2022-08-01 00:00:00+03	30000	1
7769	9	2022-08-01 00:00:00+03	60000	1
7770	10	2022-08-01 00:00:00+03	1050000	1
7771	11	2022-08-01 00:00:00+03	200000	1
7772	12	2022-08-01 00:00:00+03	0	1
7773	13	2022-08-01 00:00:00+03	190000	1
7774	14	2022-08-01 00:00:00+03	120000	1
7775	15	2022-08-01 00:00:00+03	0	1
7776	16	2022-08-01 00:00:00+03	0	1
7777	17	2022-08-01 00:00:00+03	0	1
7778	18	2022-08-01 00:00:00+03	120000	1
7779	19	2022-08-01 00:00:00+03	60000	1
7780	20	2022-08-01 00:00:00+03	30000	1
7781	1	2022-09-01 00:00:00+03	0	1
7782	2	2022-09-01 00:00:00+03	150000	1
7783	3	2022-09-01 00:00:00+03	70000	1
7784	4	2022-09-01 00:00:00+03	2500000	1
7785	5	2022-09-01 00:00:00+03	20000	1
7786	6	2022-09-01 00:00:00+03	0	1
7787	7	2022-09-01 00:00:00+03	25000	1
7788	8	2022-09-01 00:00:00+03	30000	1
7789	9	2022-09-01 00:00:00+03	60000	1
7790	10	2022-09-01 00:00:00+03	1050000	1
7791	11	2022-09-01 00:00:00+03	200000	1
7792	12	2022-09-01 00:00:00+03	0	1
7793	13	2022-09-01 00:00:00+03	190000	1
7794	14	2022-09-01 00:00:00+03	120000	1
7795	15	2022-09-01 00:00:00+03	0	1
7796	16	2022-09-01 00:00:00+03	0	1
7797	17	2022-09-01 00:00:00+03	0	1
7798	18	2022-09-01 00:00:00+03	120000	1
7799	19	2022-09-01 00:00:00+03	60000	1
7800	20	2022-09-01 00:00:00+03	30000	1
7801	1	2022-10-01 00:00:00+03	48000	1
7802	2	2022-10-01 00:00:00+03	150000	1
7803	3	2022-10-01 00:00:00+03	70000	1
7804	4	2022-10-01 00:00:00+03	2500000	1
7805	5	2022-10-01 00:00:00+03	20000	1
7806	6	2022-10-01 00:00:00+03	0	1
7807	7	2022-10-01 00:00:00+03	25000	1
7808	8	2022-10-01 00:00:00+03	30000	1
7809	9	2022-10-01 00:00:00+03	60000	1
7810	10	2022-10-01 00:00:00+03	1050000	1
7811	11	2022-10-01 00:00:00+03	200000	1
7812	12	2022-10-01 00:00:00+03	0	1
7813	13	2022-10-01 00:00:00+03	190000	1
7814	14	2022-10-01 00:00:00+03	120000	1
7815	15	2022-10-01 00:00:00+03	0	1
7816	16	2022-10-01 00:00:00+03	0	1
7817	17	2022-10-01 00:00:00+03	0	1
7818	18	2022-10-01 00:00:00+03	120000	1
7819	19	2022-10-01 00:00:00+03	60000	1
7820	20	2022-10-01 00:00:00+03	30000	1
7821	1	2022-11-01 00:00:00+03	0	1
7822	2	2022-11-01 00:00:00+03	150000	1
7823	3	2022-11-01 00:00:00+03	70000	1
7824	4	2022-11-01 00:00:00+03	2500000	1
7825	5	2022-11-01 00:00:00+03	20000	1
7826	6	2022-11-01 00:00:00+03	0	1
7827	7	2022-11-01 00:00:00+03	25000	1
7828	8	2022-11-01 00:00:00+03	30000	1
7829	9	2022-11-01 00:00:00+03	60000	1
7830	10	2022-11-01 00:00:00+03	1050000	1
7861	11	2022-11-01 00:00:00+03	200000	1
7862	12	2022-11-01 00:00:00+03	0	1
7863	13	2022-11-01 00:00:00+03	190000	1
7864	14	2022-11-01 00:00:00+03	120000	1
7865	15	2022-11-01 00:00:00+03	0	1
7866	16	2022-11-01 00:00:00+03	0	1
7867	17	2022-11-01 00:00:00+03	0	1
7868	18	2022-11-01 00:00:00+03	120000	1
7869	19	2022-11-01 00:00:00+03	60000	1
7870	20	2022-11-01 00:00:00+03	30000	1
7541	1	2023-09-01 00:00:00+03	0	1
7542	2	2023-09-01 00:00:00+03	150000	1
7543	3	2023-09-01 00:00:00+03	80000	1
7544	4	2023-09-01 00:00:00+03	2000000	1
7545	5	2023-09-01 00:00:00+03	200000	1
7546	6	2023-09-01 00:00:00+03	41000	1
7547	7	2023-09-01 00:00:00+03	25000	1
7548	8	2023-09-01 00:00:00+03	20000	1
7549	9	2023-09-01 00:00:00+03	100000	1
7550	10	2023-09-01 00:00:00+03	1000000	1
7871	1	2022-12-01 00:00:00+03	0	1
7872	2	2022-12-01 00:00:00+03	150000	1
7873	3	2022-12-01 00:00:00+03	70000	1
7874	4	2022-12-01 00:00:00+03	2700000	1
7875	5	2022-12-01 00:00:00+03	20000	1
7876	6	2022-12-01 00:00:00+03	0	1
7877	7	2022-12-01 00:00:00+03	25000	1
7878	8	2022-12-01 00:00:00+03	30000	1
7879	9	2022-12-01 00:00:00+03	60000	1
7880	10	2022-12-01 00:00:00+03	1050000	1
7881	11	2022-12-01 00:00:00+03	200000	1
7882	12	2022-12-01 00:00:00+03	20000	1
7883	13	2022-12-01 00:00:00+03	190000	1
7884	14	2022-12-01 00:00:00+03	120000	1
7885	15	2022-12-01 00:00:00+03	0	1
7886	16	2022-12-01 00:00:00+03	0	1
7887	17	2022-12-01 00:00:00+03	100000	1
7888	18	2022-12-01 00:00:00+03	120000	1
7889	19	2022-12-01 00:00:00+03	60000	1
7890	20	2022-12-01 00:00:00+03	30000	1
7891	1	2021-01-01 00:00:00+03	0	1
7892	2	2021-01-01 00:00:00+03	0	1
7893	3	2021-01-01 00:00:00+03	50000	1
7894	4	2021-01-01 00:00:00+03	2000000	1
7895	5	2021-01-01 00:00:00+03	400000	1
7896	6	2021-01-01 00:00:00+03	50000	1
7897	7	2021-01-01 00:00:00+03	20000	1
7898	8	2021-01-01 00:00:00+03	20000	1
7899	9	2021-01-01 00:00:00+03	100000	1
7900	10	2021-01-01 00:00:00+03	1000000	1
7901	11	2021-01-01 00:00:00+03	500000	1
7902	12	2021-01-01 00:00:00+03	150000	1
7903	13	2021-01-01 00:00:00+03	150000	1
7904	14	2021-01-01 00:00:00+03	100000	1
7905	15	2021-01-01 00:00:00+03	90000	1
7906	16	2021-01-01 00:00:00+03	2000000	1
7907	17	2021-01-01 00:00:00+03	100000	1
7908	18	2021-01-01 00:00:00+03	100000	1
7909	19	2021-01-01 00:00:00+03	60000	1
7910	20	2021-01-01 00:00:00+03	30000	1
7911	1	2021-02-01 00:00:00+03	0	1
7912	2	2021-02-01 00:00:00+03	150000	1
7913	3	2021-02-01 00:00:00+03	50000	1
7914	4	2021-02-01 00:00:00+03	2000000	1
7915	5	2021-02-01 00:00:00+03	0	1
7916	6	2021-02-01 00:00:00+03	50000	1
7917	7	2021-02-01 00:00:00+03	20000	1
7918	8	2021-02-01 00:00:00+03	20000	1
7919	9	2021-02-01 00:00:00+03	100000	1
7920	10	2021-02-01 00:00:00+03	1000000	1
7921	11	2021-02-01 00:00:00+03	500000	1
7922	12	2021-02-01 00:00:00+03	0	1
7923	13	2021-02-01 00:00:00+03	150000	1
7924	14	2021-02-01 00:00:00+03	100000	1
7925	15	2021-02-01 00:00:00+03	0	1
7926	16	2021-02-01 00:00:00+03	0	1
7927	17	2021-02-01 00:00:00+03	100000	1
7928	18	2021-02-01 00:00:00+03	100000	1
7929	19	2021-02-01 00:00:00+03	60000	1
7930	20	2021-02-01 00:00:00+03	30000	1
7931	1	2021-03-01 00:00:00+03	0	1
7932	2	2021-03-01 00:00:00+03	150000	1
7933	3	2021-03-01 00:00:00+03	50000	1
7934	4	2021-03-01 00:00:00+03	2000000	1
7935	5	2021-03-01 00:00:00+03	0	1
7936	6	2021-03-01 00:00:00+03	0	1
7937	7	2021-03-01 00:00:00+03	20000	1
7938	8	2021-03-01 00:00:00+03	20000	1
7939	9	2021-03-01 00:00:00+03	100000	1
7940	10	2021-03-01 00:00:00+03	1000000	1
7941	11	2021-03-01 00:00:00+03	100000	1
7942	12	2021-03-01 00:00:00+03	0	1
7943	13	2021-03-01 00:00:00+03	150000	1
7944	14	2021-03-01 00:00:00+03	100000	1
7945	15	2021-03-01 00:00:00+03	90000	1
7946	16	2021-03-01 00:00:00+03	2000000	1
7947	17	2021-03-01 00:00:00+03	100000	1
7948	18	2021-03-01 00:00:00+03	100000	1
7949	19	2021-03-01 00:00:00+03	60000	1
7950	20	2021-03-01 00:00:00+03	30000	1
7951	1	2021-04-01 00:00:00+03	50000	1
7952	2	2021-04-01 00:00:00+03	150000	1
7953	3	2021-04-01 00:00:00+03	50000	1
7954	4	2021-04-01 00:00:00+03	2000000	1
7955	5	2021-04-01 00:00:00+03	400000	1
7956	6	2021-04-01 00:00:00+03	50000	1
7957	7	2021-04-01 00:00:00+03	20000	1
7958	8	2021-04-01 00:00:00+03	20000	1
7959	9	2021-04-01 00:00:00+03	100000	1
7960	10	2021-04-01 00:00:00+03	1000000	1
7961	11	2021-04-01 00:00:00+03	100000	1
7962	12	2021-04-01 00:00:00+03	150000	1
7963	13	2021-04-01 00:00:00+03	150000	1
7964	14	2021-04-01 00:00:00+03	100000	1
7965	15	2021-04-01 00:00:00+03	90000	1
7966	16	2021-04-01 00:00:00+03	2000000	1
7967	17	2021-04-01 00:00:00+03	0	1
7968	18	2021-04-01 00:00:00+03	100000	1
7969	19	2021-04-01 00:00:00+03	60000	1
7970	20	2021-04-01 00:00:00+03	30000	1
7971	1	2021-05-01 00:00:00+03	0	1
7972	2	2021-05-01 00:00:00+03	150000	1
7973	3	2021-05-01 00:00:00+03	50000	1
7974	4	2021-05-01 00:00:00+03	2000000	1
7975	5	2021-05-01 00:00:00+03	400000	1
7976	6	2021-05-01 00:00:00+03	50000	1
7977	7	2021-05-01 00:00:00+03	20000	1
7978	8	2021-05-01 00:00:00+03	20000	1
7979	9	2021-05-01 00:00:00+03	50000	1
7980	10	2021-05-01 00:00:00+03	1000000	1
7981	11	2021-05-01 00:00:00+03	500000	1
7982	12	2021-05-01 00:00:00+03	70000	1
7983	13	2021-05-01 00:00:00+03	150000	1
7984	14	2021-05-01 00:00:00+03	100000	1
7985	15	2021-05-01 00:00:00+03	0	1
7986	16	2021-05-01 00:00:00+03	0	1
7987	17	2021-05-01 00:00:00+03	100000	1
7988	18	2021-05-01 00:00:00+03	100000	1
7989	19	2021-05-01 00:00:00+03	60000	1
7990	20	2021-05-01 00:00:00+03	30000	1
7991	1	2021-06-01 00:00:00+03	0	1
7992	2	2021-06-01 00:00:00+03	150000	1
7993	3	2021-06-01 00:00:00+03	50000	1
7994	4	2021-06-01 00:00:00+03	2000000	1
7995	5	2021-06-01 00:00:00+03	400000	1
7996	6	2021-06-01 00:00:00+03	50000	1
7997	7	2021-06-01 00:00:00+03	20000	1
7998	8	2021-06-01 00:00:00+03	20000	1
7999	9	2021-06-01 00:00:00+03	80000	1
8000	10	2021-06-01 00:00:00+03	1000000	1
8001	11	2021-06-01 00:00:00+03	500000	1
8002	12	2021-06-01 00:00:00+03	150000	1
8003	13	2021-06-01 00:00:00+03	150000	1
8004	14	2021-06-01 00:00:00+03	100000	1
8005	15	2021-06-01 00:00:00+03	0	1
8006	16	2021-06-01 00:00:00+03	0	1
8007	17	2021-06-01 00:00:00+03	100000	1
8008	18	2021-06-01 00:00:00+03	100000	1
8009	19	2021-06-01 00:00:00+03	60000	1
8010	20	2021-06-01 00:00:00+03	30000	1
8011	1	2021-07-01 00:00:00+03	0	1
8012	2	2021-07-01 00:00:00+03	150000	1
8013	3	2021-07-01 00:00:00+03	50000	1
8014	4	2021-07-01 00:00:00+03	2000000	1
8015	5	2021-07-01 00:00:00+03	400000	1
8016	6	2021-07-01 00:00:00+03	50000	1
8017	7	2021-07-01 00:00:00+03	20000	1
8018	8	2021-07-01 00:00:00+03	20000	1
8019	9	2021-07-01 00:00:00+03	100000	1
8020	10	2021-07-01 00:00:00+03	1000000	1
8021	11	2021-07-01 00:00:00+03	500000	1
8022	12	2021-07-01 00:00:00+03	150000	1
8023	13	2021-07-01 00:00:00+03	150000	1
8024	14	2021-07-01 00:00:00+03	100000	1
8025	15	2021-07-01 00:00:00+03	90000	1
8026	16	2021-07-01 00:00:00+03	0	1
8027	17	2021-07-01 00:00:00+03	100000	1
8028	18	2021-07-01 00:00:00+03	100000	1
8029	19	2021-07-01 00:00:00+03	60000	1
8030	20	2021-07-01 00:00:00+03	30000	1
8031	1	2021-08-01 00:00:00+03	0	1
8032	2	2021-08-01 00:00:00+03	150000	1
8033	3	2021-08-01 00:00:00+03	50000	1
8034	4	2021-08-01 00:00:00+03	2000000	1
8035	5	2021-08-01 00:00:00+03	400000	1
8036	6	2021-08-01 00:00:00+03	50000	1
8037	7	2021-08-01 00:00:00+03	20000	1
8038	8	2021-08-01 00:00:00+03	20000	1
8039	9	2021-08-01 00:00:00+03	100000	1
8040	10	2021-08-01 00:00:00+03	1000000	1
8041	11	2021-08-01 00:00:00+03	500000	1
8042	12	2021-08-01 00:00:00+03	150000	1
8043	13	2021-08-01 00:00:00+03	150000	1
8044	14	2021-08-01 00:00:00+03	100000	1
8045	15	2021-08-01 00:00:00+03	0	1
8046	16	2021-08-01 00:00:00+03	0	1
8047	17	2021-08-01 00:00:00+03	100000	1
8048	18	2021-08-01 00:00:00+03	100000	1
8049	19	2021-08-01 00:00:00+03	60000	1
8050	20	2021-08-01 00:00:00+03	30000	1
8051	1	2021-09-01 00:00:00+03	0	1
8052	2	2021-09-01 00:00:00+03	150000	1
8053	3	2021-09-01 00:00:00+03	50000	1
8054	4	2021-09-01 00:00:00+03	2000000	1
8055	5	2021-09-01 00:00:00+03	400000	1
8056	6	2021-09-01 00:00:00+03	50000	1
8057	7	2021-09-01 00:00:00+03	20000	1
8058	8	2021-09-01 00:00:00+03	20000	1
8059	9	2021-09-01 00:00:00+03	100000	1
8060	10	2021-09-01 00:00:00+03	1000000	1
8061	11	2021-09-01 00:00:00+03	500000	1
8062	12	2021-09-01 00:00:00+03	150000	1
8063	13	2021-09-01 00:00:00+03	150000	1
8064	14	2021-09-01 00:00:00+03	100000	1
8065	15	2021-09-01 00:00:00+03	90000	1
8066	16	2021-09-01 00:00:00+03	0	1
8067	17	2021-09-01 00:00:00+03	100000	1
8068	18	2021-09-01 00:00:00+03	100000	1
8069	19	2021-09-01 00:00:00+03	60000	1
8070	20	2021-09-01 00:00:00+03	30000	1
8071	1	2021-10-01 00:00:00+03	0	1
8072	2	2021-10-01 00:00:00+03	150000	1
8073	3	2021-10-01 00:00:00+03	50000	1
8074	4	2021-10-01 00:00:00+03	2000000	1
8075	5	2021-10-01 00:00:00+03	400000	1
8076	6	2021-10-01 00:00:00+03	50000	1
8077	7	2021-10-01 00:00:00+03	20000	1
8078	8	2021-10-01 00:00:00+03	25000	1
8079	9	2021-10-01 00:00:00+03	100000	1
8080	10	2021-10-01 00:00:00+03	1000000	1
8081	11	2021-10-01 00:00:00+03	500000	1
8082	12	2021-10-01 00:00:00+03	150000	1
8083	13	2021-10-01 00:00:00+03	150000	1
8084	14	2021-10-01 00:00:00+03	100000	1
8085	15	2021-10-01 00:00:00+03	90000	1
8086	16	2021-10-01 00:00:00+03	0	1
8087	17	2021-10-01 00:00:00+03	0	1
8088	18	2021-10-01 00:00:00+03	100000	1
8089	19	2021-10-01 00:00:00+03	60000	1
8090	20	2021-10-01 00:00:00+03	30000	1
8091	1	2021-11-01 00:00:00+03	0	1
8092	2	2021-11-01 00:00:00+03	150000	1
8093	3	2021-11-01 00:00:00+03	50000	1
8094	4	2021-11-01 00:00:00+03	2000000	1
8095	5	2021-11-01 00:00:00+03	400000	1
8096	6	2021-11-01 00:00:00+03	0	1
8097	7	2021-11-01 00:00:00+03	20000	1
8098	8	2021-11-01 00:00:00+03	20000	1
8099	9	2021-11-01 00:00:00+03	100000	1
8100	10	2021-11-01 00:00:00+03	1000000	1
8101	11	2021-11-01 00:00:00+03	500000	1
8102	12	2021-11-01 00:00:00+03	150000	1
8103	13	2021-11-01 00:00:00+03	150000	1
8104	14	2021-11-01 00:00:00+03	100000	1
8105	15	2021-11-01 00:00:00+03	0	1
8106	16	2021-11-01 00:00:00+03	2000000	1
8107	17	2021-11-01 00:00:00+03	0	1
8108	18	2021-11-01 00:00:00+03	100000	1
8109	19	2021-11-01 00:00:00+03	60000	1
8110	20	2021-11-01 00:00:00+03	30000	1
8111	1	2021-12-01 00:00:00+03	0	1
8112	2	2021-12-01 00:00:00+03	150000	1
8113	3	2021-12-01 00:00:00+03	50000	1
8114	4	2021-12-01 00:00:00+03	2500000	1
8115	5	2021-12-01 00:00:00+03	250000	1
8116	6	2021-12-01 00:00:00+03	50000	1
8117	7	2021-12-01 00:00:00+03	20000	1
8118	8	2021-12-01 00:00:00+03	20000	1
8119	9	2021-12-01 00:00:00+03	100000	1
8120	10	2021-12-01 00:00:00+03	1000000	1
8121	11	2021-12-01 00:00:00+03	500000	1
8122	12	2021-12-01 00:00:00+03	0	1
8123	13	2021-12-01 00:00:00+03	150000	1
8124	14	2021-12-01 00:00:00+03	100000	1
8125	15	2021-12-01 00:00:00+03	0	1
8126	16	2021-12-01 00:00:00+03	0	1
8127	17	2021-12-01 00:00:00+03	150000	1
8128	18	2021-12-01 00:00:00+03	100000	1
8129	19	2021-12-01 00:00:00+03	60000	1
8130	20	2021-12-01 00:00:00+03	30000	1
8131	1	2024-01-01 00:00:00+03	0	1
8132	2	2024-01-01 00:00:00+03	170000	1
8133	3	2024-01-01 00:00:00+03	80000	1
8134	4	2024-01-01 00:00:00+03	2000000	1
8135	5	2024-01-01 00:00:00+03	200000	1
8136	6	2024-01-01 00:00:00+03	41000	1
8137	7	2024-01-01 00:00:00+03	25000	1
8138	8	2024-01-01 00:00:00+03	20000	1
8139	9	2024-01-01 00:00:00+03	100000	1
8140	10	2024-01-01 00:00:00+03	1000000	1
8141	11	2024-01-01 00:00:00+03	100000	1
8142	12	2024-01-01 00:00:00+03	150000	1
8143	13	2024-01-01 00:00:00+03	150000	1
8144	14	2024-01-01 00:00:00+03	100000	1
8145	15	2024-01-01 00:00:00+03	0	1
8146	16	2024-01-01 00:00:00+03	0	1
8147	17	2024-01-01 00:00:00+03	100000	1
8148	18	2024-01-01 00:00:00+03	100000	1
8149	19	2024-01-01 00:00:00+03	60000	1
8150	20	2024-01-01 00:00:00+03	30000	1
8151	1	2024-02-01 00:00:00+03	0	1
8152	2	2024-02-01 00:00:00+03	170000	1
8153	3	2024-02-01 00:00:00+03	80000	1
8154	4	2024-02-01 00:00:00+03	2500000	1
8155	5	2024-02-01 00:00:00+03	200000	1
8156	6	2024-02-01 00:00:00+03	41000	1
8157	7	2024-02-01 00:00:00+03	25000	1
8158	8	2024-02-01 00:00:00+03	20000	1
8159	9	2024-02-01 00:00:00+03	100000	1
8160	10	2024-02-01 00:00:00+03	1000000	1
8161	11	2024-02-01 00:00:00+03	100000	1
8162	12	2024-02-01 00:00:00+03	150000	1
8163	13	2024-02-01 00:00:00+03	150000	1
8164	14	2024-02-01 00:00:00+03	100000	1
8165	15	2024-02-01 00:00:00+03	0	1
8166	16	2024-02-01 00:00:00+03	100000	1
8167	17	2024-02-01 00:00:00+03	100000	1
8168	18	2024-02-01 00:00:00+03	100000	1
8169	19	2024-02-01 00:00:00+03	60000	1
8170	20	2024-02-01 00:00:00+03	30000	1
8171	1	2024-03-01 00:00:00+03	0	1
8172	2	2024-03-01 00:00:00+03	170000	1
8173	3	2024-03-01 00:00:00+03	80000	1
8174	4	2024-03-01 00:00:00+03	2500000	1
8175	5	2024-03-01 00:00:00+03	200000	1
8176	6	2024-03-01 00:00:00+03	0	1
8177	7	2024-03-01 00:00:00+03	25000	1
8178	8	2024-03-01 00:00:00+03	20000	1
8179	9	2024-03-01 00:00:00+03	20000	1
8180	10	2024-03-01 00:00:00+03	1000000	1
8181	11	2024-03-01 00:00:00+03	100000	1
8182	12	2024-03-01 00:00:00+03	40000	1
8183	13	2024-03-01 00:00:00+03	150000	1
8184	14	2024-03-01 00:00:00+03	100000	1
8185	15	2024-03-01 00:00:00+03	33000	1
8186	16	2024-03-01 00:00:00+03	100000	1
8187	17	2024-03-01 00:00:00+03	40000	1
8188	18	2024-03-01 00:00:00+03	100000	1
8189	19	2024-03-01 00:00:00+03	60000	1
8190	20	2024-03-01 00:00:00+03	30000	1
8191	1	2024-04-01 00:00:00+03	0	1
8192	2	2024-04-01 00:00:00+03	170000	1
8193	3	2024-04-01 00:00:00+03	80000	1
8194	4	2024-04-01 00:00:00+03	2500000	1
8195	5	2024-04-01 00:00:00+03	200000	1
8196	6	2024-04-01 00:00:00+03	19000	1
8197	7	2024-04-01 00:00:00+03	25000	1
8198	8	2024-04-01 00:00:00+03	23000	1
8199	9	2024-04-01 00:00:00+03	70000	1
8200	10	2024-04-01 00:00:00+03	1000000	1
8201	11	2024-04-01 00:00:00+03	100000	1
8202	12	2024-04-01 00:00:00+03	40000	1
8203	13	2024-04-01 00:00:00+03	150000	1
8204	14	2024-04-01 00:00:00+03	100000	1
8205	15	2024-04-01 00:00:00+03	0	1
8206	16	2024-04-01 00:00:00+03	0	1
8207	17	2024-04-01 00:00:00+03	0	1
8208	18	2024-04-01 00:00:00+03	100000	1
8209	19	2024-04-01 00:00:00+03	60000	1
8210	20	2024-04-01 00:00:00+03	30000	1
8211	1	2024-05-01 00:00:00+03	348000	1
8212	2	2024-05-01 00:00:00+03	170000	1
8213	3	2024-05-01 00:00:00+03	80000	1
8214	4	2024-05-01 00:00:00+03	2500000	1
8215	5	2024-05-01 00:00:00+03	200000	1
8216	6	2024-05-01 00:00:00+03	19000	1
8217	7	2024-05-01 00:00:00+03	25000	1
8218	8	2024-05-01 00:00:00+03	23000	1
8219	9	2024-05-01 00:00:00+03	70000	1
8220	10	2024-05-01 00:00:00+03	1000000	1
8221	11	2024-05-01 00:00:00+03	250000	1
8222	12	2024-05-01 00:00:00+03	40000	1
8223	13	2024-05-01 00:00:00+03	150000	1
8224	14	2024-05-01 00:00:00+03	100000	1
8225	15	2024-05-01 00:00:00+03	0	1
8226	16	2024-05-01 00:00:00+03	0	1
8227	17	2024-05-01 00:00:00+03	91000	1
8228	18	2024-05-01 00:00:00+03	100000	1
8229	19	2024-05-01 00:00:00+03	60000	1
8230	20	2024-05-01 00:00:00+03	348000	1
8231	1	2024-06-01 00:00:00+03	170000	1
8232	2	2024-06-01 00:00:00+03	80000	1
8233	3	2024-06-01 00:00:00+03	2500000	1
8234	4	2024-06-01 00:00:00+03	200000	1
8235	5	2024-06-01 00:00:00+03	19000	1
8236	6	2024-06-01 00:00:00+03	25000	1
8237	7	2024-06-01 00:00:00+03	23000	1
8238	8	2024-06-01 00:00:00+03	70000	1
8239	9	2024-06-01 00:00:00+03	1000000	1
8240	10	2024-06-01 00:00:00+03	250000	1
8241	11	2024-06-01 00:00:00+03	40000	1
8242	12	2024-06-01 00:00:00+03	150000	1
8243	13	2024-06-01 00:00:00+03	100000	1
8244	14	2024-06-01 00:00:00+03	0	1
8245	15	2024-06-01 00:00:00+03	0	1
8246	16	2024-06-01 00:00:00+03	91000	1
8247	17	2024-06-01 00:00:00+03	100000	1
8248	18	2024-06-01 00:00:00+03	60000	1
8249	19	2024-06-01 00:00:00+03	60000	1
8250	20	2024-06-01 00:00:00+03	30000	1
8251	1	2024-07-01 00:00:00+03	0	1
8252	2	2024-07-01 00:00:00+03	0	1
8253	3	2024-07-01 00:00:00+03	0	1
8254	4	2024-07-01 00:00:00+03	0	1
8255	5	2024-07-01 00:00:00+03	0	1
8256	6	2024-07-01 00:00:00+03	0	1
8257	7	2024-07-01 00:00:00+03	0	1
8258	8	2024-07-01 00:00:00+03	0	1
8259	9	2024-07-01 00:00:00+03	0	1
8260	10	2024-07-01 00:00:00+03	0	1
8261	11	2024-07-01 00:00:00+03	0	1
8262	12	2024-07-01 00:00:00+03	0	1
8263	13	2024-07-01 00:00:00+03	0	1
8264	14	2024-07-01 00:00:00+03	0	1
8265	15	2024-07-01 00:00:00+03	0	1
8266	16	2024-07-01 00:00:00+03	0	1
8267	17	2024-07-01 00:00:00+03	0	1
8268	18	2024-07-01 00:00:00+03	0	1
8269	19	2024-07-01 00:00:00+03	0	1
8270	20	2024-07-01 00:00:00+03	0	1
8271	1	2024-08-01 00:00:00+03	0	1
8272	2	2024-08-01 00:00:00+03	0	1
8273	3	2024-08-01 00:00:00+03	0	1
8274	4	2024-08-01 00:00:00+03	0	1
8275	5	2024-08-01 00:00:00+03	0	1
8276	6	2024-08-01 00:00:00+03	0	1
8277	7	2024-08-01 00:00:00+03	0	1
8278	8	2024-08-01 00:00:00+03	0	1
8279	9	2024-08-01 00:00:00+03	0	1
8280	10	2024-08-01 00:00:00+03	0	1
8281	11	2024-08-01 00:00:00+03	0	1
8282	12	2024-08-01 00:00:00+03	0	1
8283	13	2024-08-01 00:00:00+03	0	1
8284	14	2024-08-01 00:00:00+03	0	1
8285	15	2024-08-01 00:00:00+03	0	1
8286	16	2024-08-01 00:00:00+03	0	1
8287	17	2024-08-01 00:00:00+03	0	1
8288	18	2024-08-01 00:00:00+03	0	1
8289	19	2024-08-01 00:00:00+03	0	1
8290	20	2024-08-01 00:00:00+03	0	1
8291	1	2024-09-01 00:00:00+03	0	1
8292	2	2024-09-01 00:00:00+03	0	1
8293	3	2024-09-01 00:00:00+03	0	1
8294	4	2024-09-01 00:00:00+03	0	1
8295	5	2024-09-01 00:00:00+03	0	1
8296	6	2024-09-01 00:00:00+03	0	1
8297	7	2024-09-01 00:00:00+03	0	1
8298	8	2024-09-01 00:00:00+03	0	1
8299	9	2024-09-01 00:00:00+03	0	1
8300	10	2024-09-01 00:00:00+03	0	1
8301	11	2024-09-01 00:00:00+03	0	1
8302	12	2024-09-01 00:00:00+03	0	1
8303	13	2024-09-01 00:00:00+03	0	1
8304	14	2024-09-01 00:00:00+03	0	1
8305	15	2024-09-01 00:00:00+03	0	1
8306	16	2024-09-01 00:00:00+03	0	1
8307	17	2024-09-01 00:00:00+03	0	1
8308	18	2024-09-01 00:00:00+03	0	1
8309	19	2024-09-01 00:00:00+03	0	1
8310	20	2024-09-01 00:00:00+03	0	1
8311	1	2024-10-01 00:00:00+03	0	1
8312	2	2024-10-01 00:00:00+03	0	1
8313	3	2024-10-01 00:00:00+03	0	1
8314	4	2024-10-01 00:00:00+03	0	1
8315	5	2024-10-01 00:00:00+03	0	1
8316	6	2024-10-01 00:00:00+03	0	1
8317	7	2024-10-01 00:00:00+03	0	1
8318	8	2024-10-01 00:00:00+03	0	1
8319	9	2024-10-01 00:00:00+03	0	1
8320	10	2024-10-01 00:00:00+03	0	1
8321	11	2024-10-01 00:00:00+03	0	1
8322	12	2024-10-01 00:00:00+03	0	1
8323	13	2024-10-01 00:00:00+03	0	1
8324	14	2024-10-01 00:00:00+03	0	1
8325	15	2024-10-01 00:00:00+03	0	1
8326	16	2024-10-01 00:00:00+03	0	1
8327	17	2024-10-01 00:00:00+03	0	1
8328	18	2024-10-01 00:00:00+03	0	1
8329	19	2024-10-01 00:00:00+03	0	1
8330	20	2024-10-01 00:00:00+03	0	1
8331	1	2024-11-01 00:00:00+03	0	1
8332	2	2024-11-01 00:00:00+03	0	1
8333	3	2024-11-01 00:00:00+03	0	1
8334	4	2024-11-01 00:00:00+03	0	1
8335	5	2024-11-01 00:00:00+03	0	1
8336	6	2024-11-01 00:00:00+03	0	1
8337	7	2024-11-01 00:00:00+03	0	1
8338	8	2024-11-01 00:00:00+03	0	1
8339	9	2024-11-01 00:00:00+03	0	1
8340	10	2024-11-01 00:00:00+03	0	1
8341	11	2024-11-01 00:00:00+03	0	1
8342	12	2024-11-01 00:00:00+03	0	1
8343	13	2024-11-01 00:00:00+03	0	1
8344	14	2024-11-01 00:00:00+03	0	1
8345	15	2024-11-01 00:00:00+03	0	1
8346	16	2024-11-01 00:00:00+03	0	1
8347	17	2024-11-01 00:00:00+03	0	1
8348	18	2024-11-01 00:00:00+03	0	1
8349	19	2024-11-01 00:00:00+03	0	1
8350	20	2024-11-01 00:00:00+03	0	1
8351	1	2024-12-01 00:00:00+03	0	1
8352	2	2024-12-01 00:00:00+03	0	1
8353	3	2024-12-01 00:00:00+03	0	1
8354	4	2024-12-01 00:00:00+03	0	1
8355	5	2024-12-01 00:00:00+03	0	1
8356	6	2024-12-01 00:00:00+03	0	1
8357	7	2024-12-01 00:00:00+03	0	1
8358	8	2024-12-01 00:00:00+03	0	1
8359	9	2024-12-01 00:00:00+03	0	1
8360	10	2024-12-01 00:00:00+03	0	1
8361	11	2024-12-01 00:00:00+03	0	1
8362	12	2024-12-01 00:00:00+03	0	1
8363	13	2024-12-01 00:00:00+03	0	1
8364	14	2024-12-01 00:00:00+03	0	1
8365	15	2024-12-01 00:00:00+03	0	1
8366	16	2024-12-01 00:00:00+03	0	1
8367	17	2024-12-01 00:00:00+03	0	1
8368	18	2024-12-01 00:00:00+03	0	1
8369	19	2024-12-01 00:00:00+03	0	1
8370	20	2024-12-01 00:00:00+03	0	1
7111	11	2023-03-01 00:00:00+03	500000	1
7112	12	2023-03-01 00:00:00+03	150000	1
7113	13	2023-03-01 00:00:00+03	150000	1
7114	14	2023-03-01 00:00:00+03	100000	1
7115	15	2023-03-01 00:00:00+03	90000	1
7116	16	2023-03-01 00:00:00+03	1500000	1
7117	17	2023-03-01 00:00:00+03	100000	1
7118	18	2023-03-01 00:00:00+03	100000	1
7119	19	2023-03-01 00:00:00+03	60000	1
7120	20	2023-03-01 00:00:00+03	30000	1
7121	1	2023-04-01 00:00:00+03	0	1
7122	2	2023-04-01 00:00:00+03	150000	1
7123	3	2023-04-01 00:00:00+03	50000	1
7124	4	2023-04-01 00:00:00+03	2000000	1
7125	5	2023-04-01 00:00:00+03	400000	1
7126	6	2023-04-01 00:00:00+03	50000	1
7127	7	2023-04-01 00:00:00+03	20000	1
7128	8	2023-04-01 00:00:00+03	20000	1
7129	9	2023-04-01 00:00:00+03	100000	1
7130	10	2023-04-01 00:00:00+03	1000000	1
7131	11	2023-04-01 00:00:00+03	500000	1
7132	12	2023-04-01 00:00:00+03	150000	1
7133	13	2023-04-01 00:00:00+03	150000	1
7134	14	2023-04-01 00:00:00+03	100000	1
7135	15	2023-04-01 00:00:00+03	90000	1
7136	16	2023-04-01 00:00:00+03	0	1
7137	17	2023-04-01 00:00:00+03	0	1
7138	18	2023-04-01 00:00:00+03	100000	1
7139	19	2023-04-01 00:00:00+03	60000	1
7140	20	2023-04-01 00:00:00+03	30000	1
7141	1	2023-05-01 00:00:00+03	0	1
7142	2	2023-05-01 00:00:00+03	150000	1
7143	3	2023-05-01 00:00:00+03	50000	1
7144	4	2023-05-01 00:00:00+03	2000000	1
7145	5	2023-05-01 00:00:00+03	400000	1
7146	6	2023-05-01 00:00:00+03	50000	1
7147	7	2023-05-01 00:00:00+03	20000	1
7148	8	2023-05-01 00:00:00+03	20000	1
7149	9	2023-05-01 00:00:00+03	100000	1
7150	10	2023-05-01 00:00:00+03	1000000	1
7151	11	2023-05-01 00:00:00+03	500000	1
7152	12	2023-05-01 00:00:00+03	0	1
7153	13	2023-05-01 00:00:00+03	150000	1
7154	14	2023-05-01 00:00:00+03	100000	1
7155	15	2023-05-01 00:00:00+03	0	1
7156	16	2023-05-01 00:00:00+03	900000	1
7157	17	2023-05-01 00:00:00+03	100000	1
7158	18	2023-05-01 00:00:00+03	100000	1
7159	19	2023-05-01 00:00:00+03	60000	1
7160	20	2023-05-01 00:00:00+03	30000	1
\.


--
-- TOC entry 4909 (class 0 OID 16598)
-- Dependencies: 223
-- Data for Name: Attributes; Type: TABLE DATA; Schema: public; Owner: postgres
--

COPY public."Attributes" ("Id", "Name", "SectionId", "Code") FROM stdin;
1	 	1	1110
2	    	1	1120
3	  	1	1130
4	  	1	1140
5	 	1	1150
6	    	1	1160
7	 	1	1170
8	  	1	1180
9	  	1	1190
10		1	1210
11	   	1	1220
12	 	1	1230
13	 ,  	1	1240
14	   	1	1250
15	  	1	1260
16	 	2	1310
17	  	2	1320
18	  (  )	2	1330
19	 	2	1340
20	  ( )	2	1350
21	 	2	1360
22	  	2	1370
23	 	2	1380
24	 	2	1390
25	 	2	1510
26	 	2	1520
27	  	2	1530
28	 	2	1540
29	  	2	1550
\.


--
-- TOC entry 4927 (class 0 OID 16762)
-- Dependencies: 241
-- Data for Name: Balance; Type: TABLE DATA; Schema: public; Owner: postgres
--

COPY public."Balance" ("Id", "Amount", "AttributesId", "Date", "OrganizationsId") FROM stdin;
1	500000	14	2024-01-01	1
2	600000	13	2024-01-01	1
3	150000	29	2024-01-01	1
4	20000	25	2024-01-01	1
5	140000	26	2024-01-01	1
6	500000	14	2024-02-01	1
11	500000	14	2024-03-01	1
12	600000	13	2024-03-01	1
13	400000	29	2024-03-01	1
14	19000	25	2024-03-01	1
15	40000	26	2024-03-01	1
7	600000	13	2024-02-01	1
8	150000	29	2024-02-01	1
9	20000	25	2024-02-01	1
10	500000	26	2024-02-01	1
\.


--
-- TOC entry 4911 (class 0 OID 16605)
-- Dependencies: 225
-- Data for Name: IncomeStatements; Type: TABLE DATA; Schema: public; Owner: postgres
--

COPY public."IncomeStatements" ("Id", "Name") FROM stdin;
1	 
2	 
3	 
4	
5	 
6	 
7	 
8	 
9	   
10	   
\.


--
-- TOC entry 4913 (class 0 OID 16611)
-- Dependencies: 227
-- Data for Name: Organizations; Type: TABLE DATA; Schema: public; Owner: postgres
--

COPY public."Organizations" ("Id", "Name", "Itn", "ActivityCode", "Form", "Iec") FROM stdin;
1	 	5262147360	         	   	526101001
2		5261120012	         	   	526101001
\.


--
-- TOC entry 4915 (class 0 OID 16621)
-- Dependencies: 229
-- Data for Name: OutcomeStatements; Type: TABLE DATA; Schema: public; Owner: postgres
--

COPY public."OutcomeStatements" ("Id", "Name") FROM stdin;
1	 
2	 
3	 
4	  
5	   
6	
7	 
8	
9	  
10	
11	   
12	 
13	 
14	, 
15	
16	
17	 
18	 
19	 
20	   
\.


--
-- TOC entry 4917 (class 0 OID 16627)
-- Dependencies: 231
-- Data for Name: PlannedIncomes; Type: TABLE DATA; Schema: public; Owner: postgres
--

COPY public."PlannedIncomes" ("Id", "StatementId", "Date", "Amount", "OrganizationId") FROM stdin;
423	1	2021-01-01 00:00:00+03	900000	1
424	2	2021-01-01 00:00:00+03	80000	1
425	3	2021-01-01 00:00:00+03	60000	1
426	4	2021-01-01 00:00:00+03	1000000	1
427	5	2021-01-01 00:00:00+03	0	1
428	6	2021-01-01 00:00:00+03	0	1
429	7	2021-01-01 00:00:00+03	0	1
430	8	2021-01-01 00:00:00+03	500000	1
431	9	2021-01-01 00:00:00+03	6000000	1
432	10	2021-01-01 00:00:00+03	150000	1
433	1	2021-02-01 00:00:00+03	920000	1
434	2	2021-02-01 00:00:00+03	80000	1
435	3	2021-02-01 00:00:00+03	60000	1
436	4	2021-02-01 00:00:00+03	1000000	1
437	5	2021-02-01 00:00:00+03	0	1
438	6	2021-02-01 00:00:00+03	0	1
439	7	2021-02-01 00:00:00+03	0	1
440	8	2021-02-01 00:00:00+03	500000	1
441	9	2021-02-01 00:00:00+03	6000000	1
442	10	2021-02-01 00:00:00+03	150000	1
443	1	2021-03-01 00:00:00+03	930000	1
444	2	2021-03-01 00:00:00+03	80000	1
445	3	2021-03-01 00:00:00+03	60000	1
446	4	2021-03-01 00:00:00+03	1000000	1
447	5	2021-03-01 00:00:00+03	0	1
448	6	2021-03-01 00:00:00+03	0	1
449	7	2021-03-01 00:00:00+03	0	1
450	8	2021-03-01 00:00:00+03	500000	1
451	9	2021-03-01 00:00:00+03	6100000	1
452	10	2021-03-01 00:00:00+03	150000	1
453	1	2021-04-01 00:00:00+03	940000	1
454	2	2021-04-01 00:00:00+03	80000	1
455	3	2021-04-01 00:00:00+03	60000	1
456	4	2021-04-01 00:00:00+03	1000000	1
457	5	2021-04-01 00:00:00+03	0	1
458	6	2021-04-01 00:00:00+03	0	1
459	7	2021-04-01 00:00:00+03	56000	1
460	8	2021-04-01 00:00:00+03	500000	1
461	9	2021-04-01 00:00:00+03	6150000	1
462	10	2021-04-01 00:00:00+03	150000	1
463	1	2021-05-01 00:00:00+03	950000	1
464	2	2021-05-01 00:00:00+03	80000	1
465	3	2021-05-01 00:00:00+03	60000	1
466	4	2021-05-01 00:00:00+03	1000000	1
467	5	2021-05-01 00:00:00+03	0	1
468	6	2021-05-01 00:00:00+03	0	1
469	7	2021-05-01 00:00:00+03	0	1
470	8	2021-05-01 00:00:00+03	500000	1
471	9	2021-05-01 00:00:00+03	6150000	1
472	10	2021-05-01 00:00:00+03	150000	1
473	1	2021-06-01 00:00:00+03	960000	1
474	2	2021-06-01 00:00:00+03	80000	1
475	3	2021-06-01 00:00:00+03	60000	1
476	4	2021-06-01 00:00:00+03	1000000	1
477	5	2021-06-01 00:00:00+03	0	1
478	6	2021-06-01 00:00:00+03	0	1
479	7	2021-06-01 00:00:00+03	0	1
480	8	2021-06-01 00:00:00+03	500000	1
481	9	2021-06-01 00:00:00+03	6150000	1
482	10	2021-06-01 00:00:00+03	150000	1
483	1	2021-07-01 00:00:00+03	960000	1
484	2	2021-07-01 00:00:00+03	80000	1
485	3	2021-07-01 00:00:00+03	60000	1
486	4	2021-07-01 00:00:00+03	1000000	1
487	5	2021-07-01 00:00:00+03	0	1
488	6	2021-07-01 00:00:00+03	0	1
489	7	2021-07-01 00:00:00+03	0	1
490	8	2021-07-01 00:00:00+03	500000	1
491	9	2021-07-01 00:00:00+03	6150000	1
492	10	2021-07-01 00:00:00+03	150000	1
493	1	2021-08-01 00:00:00+03	960000	1
494	2	2021-08-01 00:00:00+03	80000	1
495	3	2021-08-01 00:00:00+03	60000	1
496	4	2021-08-01 00:00:00+03	1000000	1
497	5	2021-08-01 00:00:00+03	0	1
498	6	2021-08-01 00:00:00+03	0	1
499	7	2021-08-01 00:00:00+03	0	1
500	8	2021-08-01 00:00:00+03	500000	1
501	9	2021-08-01 00:00:00+03	6150000	1
502	10	2021-08-01 00:00:00+03	150000	1
503	1	2021-09-01 00:00:00+03	960000	1
504	2	2021-09-01 00:00:00+03	80000	1
505	3	2021-09-01 00:00:00+03	60000	1
506	4	2021-09-01 00:00:00+03	1000000	1
507	5	2021-09-01 00:00:00+03	0	1
508	6	2021-09-01 00:00:00+03	0	1
509	7	2021-09-01 00:00:00+03	0	1
510	8	2021-09-01 00:00:00+03	500000	1
511	9	2021-09-01 00:00:00+03	6150000	1
512	10	2021-09-01 00:00:00+03	150000	1
513	1	2021-10-01 00:00:00+03	970000	1
514	2	2021-10-01 00:00:00+03	80000	1
515	3	2021-10-01 00:00:00+03	60000	1
516	4	2021-10-01 00:00:00+03	1000000	1
517	5	2021-10-01 00:00:00+03	0	1
518	6	2021-10-01 00:00:00+03	0	1
519	7	2021-10-01 00:00:00+03	0	1
520	8	2021-10-01 00:00:00+03	500000	1
521	9	2021-10-01 00:00:00+03	6150000	1
522	10	2021-10-01 00:00:00+03	150000	1
523	1	2021-11-01 00:00:00+03	980000	1
524	2	2021-11-01 00:00:00+03	80000	1
525	3	2021-11-01 00:00:00+03	60000	1
526	4	2021-11-01 00:00:00+03	1000000	1
527	5	2021-11-01 00:00:00+03	0	1
528	6	2021-11-01 00:00:00+03	0	1
529	7	2021-11-01 00:00:00+03	0	1
530	8	2021-11-01 00:00:00+03	500000	1
531	9	2021-11-01 00:00:00+03	6150000	1
532	10	2021-11-01 00:00:00+03	150000	1
533	1	2021-12-01 00:00:00+03	990000	1
534	2	2021-12-01 00:00:00+03	80000	1
535	3	2021-12-01 00:00:00+03	60000	1
536	4	2021-12-01 00:00:00+03	1000000	1
537	5	2021-12-01 00:00:00+03	0	1
538	6	2021-12-01 00:00:00+03	0	1
539	7	2021-12-01 00:00:00+03	0	1
540	8	2021-12-01 00:00:00+03	500000	1
541	9	2021-12-01 00:00:00+03	6150000	1
542	10	2021-12-01 00:00:00+03	150000	1
543	1	2022-01-01 00:00:00+03	1000000	1
544	2	2022-01-01 00:00:00+03	80000	1
545	3	2022-01-01 00:00:00+03	60000	1
546	4	2022-01-01 00:00:00+03	1000000	1
547	5	2022-01-01 00:00:00+03	0	1
548	6	2022-01-01 00:00:00+03	0	1
549	7	2022-01-01 00:00:00+03	0	1
550	8	2022-01-01 00:00:00+03	500000	1
551	9	2022-01-01 00:00:00+03	6150000	1
552	10	2022-01-01 00:00:00+03	150000	1
553	1	2022-02-01 00:00:00+03	1010000	1
554	2	2022-02-01 00:00:00+03	80000	1
555	3	2022-02-01 00:00:00+03	60000	1
556	4	2022-02-01 00:00:00+03	1000000	1
557	5	2022-02-01 00:00:00+03	0	1
558	6	2022-02-01 00:00:00+03	0	1
559	7	2022-02-01 00:00:00+03	0	1
560	8	2022-02-01 00:00:00+03	500000	1
561	9	2022-02-01 00:00:00+03	6150000	1
562	10	2022-02-01 00:00:00+03	150000	1
563	1	2022-03-01 00:00:00+03	1020000	1
564	2	2022-03-01 00:00:00+03	80000	1
565	3	2022-03-01 00:00:00+03	60000	1
566	4	2022-03-01 00:00:00+03	1000000	1
567	5	2022-03-01 00:00:00+03	0	1
568	6	2022-03-01 00:00:00+03	0	1
569	7	2022-03-01 00:00:00+03	0	1
570	8	2022-03-01 00:00:00+03	500000	1
571	9	2022-03-01 00:00:00+03	6150000	1
572	10	2022-03-01 00:00:00+03	150000	1
573	1	2022-04-01 00:00:00+03	1030000	1
574	2	2022-04-01 00:00:00+03	80000	1
575	3	2022-04-01 00:00:00+03	60000	1
576	4	2022-04-01 00:00:00+03	1000000	1
577	5	2022-04-01 00:00:00+03	0	1
578	6	2022-04-01 00:00:00+03	0	1
579	7	2022-04-01 00:00:00+03	0	1
580	8	2022-04-01 00:00:00+03	500000	1
581	9	2022-04-01 00:00:00+03	6150000	1
582	10	2022-04-01 00:00:00+03	150000	1
583	1	2022-05-01 00:00:00+03	1040000	1
584	2	2022-05-01 00:00:00+03	80000	1
585	3	2022-05-01 00:00:00+03	60000	1
586	4	2022-05-01 00:00:00+03	1000000	1
587	5	2022-05-01 00:00:00+03	0	1
588	6	2022-05-01 00:00:00+03	0	1
589	7	2022-05-01 00:00:00+03	0	1
590	8	2022-05-01 00:00:00+03	500000	1
591	9	2022-05-01 00:00:00+03	6150000	1
592	10	2022-05-01 00:00:00+03	150000	1
593	1	2022-06-01 00:00:00+03	1040000	1
594	2	2022-06-01 00:00:00+03	80000	1
595	3	2022-06-01 00:00:00+03	60000	1
596	4	2022-06-01 00:00:00+03	1000000	1
597	5	2022-06-01 00:00:00+03	0	1
598	6	2022-06-01 00:00:00+03	0	1
599	7	2022-06-01 00:00:00+03	0	1
600	8	2022-06-01 00:00:00+03	500000	1
601	9	2022-06-01 00:00:00+03	6150000	1
602	10	2022-06-01 00:00:00+03	150000	1
603	1	2022-07-01 00:00:00+03	1040000	1
604	2	2022-07-01 00:00:00+03	80000	1
605	3	2022-07-01 00:00:00+03	60000	1
606	4	2022-07-01 00:00:00+03	1000000	1
607	5	2022-07-01 00:00:00+03	0	1
608	6	2022-07-01 00:00:00+03	0	1
609	7	2022-07-01 00:00:00+03	0	1
610	8	2022-07-01 00:00:00+03	500000	1
611	9	2022-07-01 00:00:00+03	6150000	1
612	10	2022-07-01 00:00:00+03	150000	1
613	1	2022-08-01 00:00:00+03	1040000	1
614	2	2022-08-01 00:00:00+03	80000	1
615	3	2022-08-01 00:00:00+03	60000	1
616	4	2022-08-01 00:00:00+03	1000000	1
617	5	2022-08-01 00:00:00+03	0	1
618	6	2022-08-01 00:00:00+03	0	1
619	7	2022-08-01 00:00:00+03	0	1
620	8	2022-08-01 00:00:00+03	500000	1
621	9	2022-08-01 00:00:00+03	6150000	1
622	10	2022-08-01 00:00:00+03	150000	1
623	1	2022-09-01 00:00:00+03	1040000	1
624	2	2022-09-01 00:00:00+03	80000	1
625	3	2022-09-01 00:00:00+03	60000	1
626	4	2022-09-01 00:00:00+03	1000000	1
627	5	2022-09-01 00:00:00+03	0	1
628	6	2022-09-01 00:00:00+03	0	1
629	7	2022-09-01 00:00:00+03	0	1
630	8	2022-09-01 00:00:00+03	500000	1
631	9	2022-09-01 00:00:00+03	6150000	1
632	10	2022-09-01 00:00:00+03	150000	1
633	1	2022-10-01 00:00:00+03	1050000	1
634	2	2022-10-01 00:00:00+03	80000	1
635	3	2022-10-01 00:00:00+03	60000	1
636	4	2022-10-01 00:00:00+03	1000000	1
637	5	2022-10-01 00:00:00+03	0	1
638	6	2022-10-01 00:00:00+03	0	1
639	7	2022-10-01 00:00:00+03	0	1
640	8	2022-10-01 00:00:00+03	500000	1
641	9	2022-10-01 00:00:00+03	6150000	1
642	10	2022-10-01 00:00:00+03	150000	1
643	1	2022-11-01 00:00:00+03	1100000	1
644	2	2022-11-01 00:00:00+03	80000	1
645	3	2022-11-01 00:00:00+03	60000	1
646	4	2022-11-01 00:00:00+03	1000000	1
647	5	2022-11-01 00:00:00+03	0	1
648	6	2022-11-01 00:00:00+03	0	1
649	7	2022-11-01 00:00:00+03	0	1
650	8	2022-11-01 00:00:00+03	500000	1
651	9	2022-11-01 00:00:00+03	6150000	1
652	10	2022-11-01 00:00:00+03	150000	1
653	1	2022-12-01 00:00:00+03	1200000	1
654	2	2022-12-01 00:00:00+03	80000	1
655	3	2022-12-01 00:00:00+03	60000	1
656	4	2022-12-01 00:00:00+03	1000000	1
657	5	2022-12-01 00:00:00+03	0	1
658	6	2022-12-01 00:00:00+03	0	1
659	7	2022-12-01 00:00:00+03	0	1
660	8	2022-12-01 00:00:00+03	500000	1
661	9	2022-12-01 00:00:00+03	6150000	1
662	10	2022-12-01 00:00:00+03	150000	1
663	1	2023-01-01 00:00:00+03	1300000	1
664	2	2023-01-01 00:00:00+03	80000	1
665	3	2023-01-01 00:00:00+03	60000	1
666	4	2023-01-01 00:00:00+03	1000000	1
667	5	2023-01-01 00:00:00+03	0	1
668	6	2023-01-01 00:00:00+03	0	1
669	7	2023-01-01 00:00:00+03	0	1
670	8	2023-01-01 00:00:00+03	500000	1
671	9	2023-01-01 00:00:00+03	6150000	1
672	10	2023-01-01 00:00:00+03	150000	1
673	1	2023-02-01 00:00:00+03	1400000	1
674	2	2023-02-01 00:00:00+03	80000	1
675	3	2023-02-01 00:00:00+03	60000	1
676	4	2023-02-01 00:00:00+03	1000000	1
677	5	2023-02-01 00:00:00+03	0	1
678	6	2023-02-01 00:00:00+03	0	1
679	7	2023-02-01 00:00:00+03	0	1
680	8	2023-02-01 00:00:00+03	500000	1
681	9	2023-02-01 00:00:00+03	6150000	1
682	10	2023-02-01 00:00:00+03	150000	1
683	1	2023-03-01 00:00:00+03	1500000	1
684	2	2023-03-01 00:00:00+03	80000	1
685	3	2023-03-01 00:00:00+03	60000	1
686	4	2023-03-01 00:00:00+03	1000000	1
687	5	2023-03-01 00:00:00+03	0	1
688	6	2023-03-01 00:00:00+03	0	1
689	7	2023-03-01 00:00:00+03	0	1
690	8	2023-03-01 00:00:00+03	500000	1
691	9	2023-03-01 00:00:00+03	6150000	1
692	10	2023-03-01 00:00:00+03	150000	1
693	1	2023-04-01 00:00:00+03	1600000	1
694	2	2023-04-01 00:00:00+03	80000	1
695	3	2023-04-01 00:00:00+03	60000	1
696	4	2023-04-01 00:00:00+03	1000000	1
697	5	2023-04-01 00:00:00+03	0	1
698	6	2023-04-01 00:00:00+03	0	1
699	7	2023-04-01 00:00:00+03	0	1
700	8	2023-04-01 00:00:00+03	500000	1
701	9	2023-04-01 00:00:00+03	6150000	1
702	10	2023-04-01 00:00:00+03	150000	1
703	1	2023-05-01 00:00:00+03	1700000	1
704	2	2023-05-01 00:00:00+03	80000	1
705	3	2023-05-01 00:00:00+03	60000	1
706	4	2023-05-01 00:00:00+03	1000000	1
707	5	2023-05-01 00:00:00+03	0	1
708	6	2023-05-01 00:00:00+03	0	1
709	7	2023-05-01 00:00:00+03	0	1
710	8	2023-05-01 00:00:00+03	500000	1
711	9	2023-05-01 00:00:00+03	6150000	1
712	10	2023-05-01 00:00:00+03	150000	1
713	1	2023-06-01 00:00:00+03	1700000	1
714	2	2023-06-01 00:00:00+03	80000	1
715	3	2023-06-01 00:00:00+03	60000	1
716	4	2023-06-01 00:00:00+03	1000000	1
717	5	2023-06-01 00:00:00+03	0	1
718	6	2023-06-01 00:00:00+03	0	1
719	7	2023-06-01 00:00:00+03	0	1
720	8	2023-06-01 00:00:00+03	500000	1
721	9	2023-06-01 00:00:00+03	6150000	1
722	10	2023-06-01 00:00:00+03	150000	1
723	1	2023-07-01 00:00:00+03	1700000	1
724	2	2023-07-01 00:00:00+03	80000	1
725	3	2023-07-01 00:00:00+03	60000	1
726	4	2023-07-01 00:00:00+03	1000000	1
727	5	2023-07-01 00:00:00+03	0	1
728	6	2023-07-01 00:00:00+03	0	1
729	7	2023-07-01 00:00:00+03	0	1
730	8	2023-07-01 00:00:00+03	500000	1
731	9	2023-07-01 00:00:00+03	6150000	1
732	10	2023-07-01 00:00:00+03	150000	1
733	1	2023-08-01 00:00:00+03	1700000	1
734	2	2023-08-01 00:00:00+03	80000	1
735	3	2023-08-01 00:00:00+03	60000	1
736	4	2023-08-01 00:00:00+03	1000000	1
737	5	2023-08-01 00:00:00+03	0	1
738	6	2023-08-01 00:00:00+03	0	1
739	7	2023-08-01 00:00:00+03	0	1
740	8	2023-08-01 00:00:00+03	500000	1
741	9	2023-08-01 00:00:00+03	6150000	1
742	10	2023-08-01 00:00:00+03	150000	1
743	1	2023-09-01 00:00:00+03	1700000	1
744	2	2023-09-01 00:00:00+03	80000	1
745	3	2023-09-01 00:00:00+03	60000	1
746	4	2023-09-01 00:00:00+03	1000000	1
747	5	2023-09-01 00:00:00+03	0	1
748	6	2023-09-01 00:00:00+03	0	1
749	7	2023-09-01 00:00:00+03	0	1
750	8	2023-09-01 00:00:00+03	500000	1
751	9	2023-09-01 00:00:00+03	6150000	1
752	10	2023-09-01 00:00:00+03	150000	1
753	1	2023-10-01 00:00:00+03	940000	1
754	2	2023-10-01 00:00:00+03	80000	1
755	3	2023-10-01 00:00:00+03	60000	1
756	4	2023-10-01 00:00:00+03	1000000	1
757	5	2023-10-01 00:00:00+03	0	1
758	6	2023-10-01 00:00:00+03	0	1
759	7	2023-10-01 00:00:00+03	0	1
760	8	2023-10-01 00:00:00+03	500000	1
761	9	2023-10-01 00:00:00+03	6150000	1
762	10	2023-10-01 00:00:00+03	150000	1
763	1	2023-11-01 00:00:00+03	940000	1
764	2	2023-11-01 00:00:00+03	80000	1
765	3	2023-11-01 00:00:00+03	60000	1
766	4	2023-11-01 00:00:00+03	1000000	1
767	5	2023-11-01 00:00:00+03	0	1
768	6	2023-11-01 00:00:00+03	0	1
769	7	2023-11-01 00:00:00+03	0	1
770	8	2023-11-01 00:00:00+03	500000	1
771	9	2023-11-01 00:00:00+03	6150000	1
772	10	2023-11-01 00:00:00+03	150000	1
773	1	2023-12-01 00:00:00+03	940000	1
774	2	2023-12-01 00:00:00+03	80000	1
775	3	2023-12-01 00:00:00+03	60000	1
776	4	2023-12-01 00:00:00+03	1000000	1
777	5	2023-12-01 00:00:00+03	0	1
778	6	2023-12-01 00:00:00+03	0	1
779	7	2023-12-01 00:00:00+03	0	1
780	8	2023-12-01 00:00:00+03	500000	1
781	9	2023-12-01 00:00:00+03	6150000	1
782	10	2023-12-01 00:00:00+03	150000	1
783	1	2024-01-01 00:00:00+03	1900000	1
784	2	2024-01-01 00:00:00+03	80000	1
785	3	2024-01-01 00:00:00+03	60000	1
786	4	2024-01-01 00:00:00+03	1000000	1
787	5	2024-01-01 00:00:00+03	0	1
788	6	2024-01-01 00:00:00+03	0	1
789	7	2024-01-01 00:00:00+03	0	1
790	8	2024-01-01 00:00:00+03	500000	1
791	9	2024-01-01 00:00:00+03	6150000	1
792	10	2024-01-01 00:00:00+03	150000	1
793	1	2024-02-01 00:00:00+03	1900000	1
794	2	2024-02-01 00:00:00+03	80000	1
795	3	2024-02-01 00:00:00+03	60000	1
796	4	2024-02-01 00:00:00+03	1000000	1
797	5	2024-02-01 00:00:00+03	0	1
798	6	2024-02-01 00:00:00+03	0	1
799	7	2024-02-01 00:00:00+03	0	1
800	8	2024-02-01 00:00:00+03	500000	1
801	9	2024-02-01 00:00:00+03	6150000	1
802	10	2024-02-01 00:00:00+03	150000	1
803	1	2024-03-01 00:00:00+03	1900000	1
804	2	2024-03-01 00:00:00+03	80000	1
805	3	2024-03-01 00:00:00+03	60000	1
806	4	2024-03-01 00:00:00+03	1000000	1
807	5	2024-03-01 00:00:00+03	0	1
808	6	2024-03-01 00:00:00+03	0	1
809	7	2024-03-01 00:00:00+03	0	1
810	8	2024-03-01 00:00:00+03	500000	1
811	9	2024-03-01 00:00:00+03	6150000	1
812	10	2024-03-01 00:00:00+03	150000	1
813	1	2024-04-01 00:00:00+03	1900000	1
814	2	2024-04-01 00:00:00+03	80000	1
815	3	2024-04-01 00:00:00+03	60000	1
816	4	2024-04-01 00:00:00+03	1000000	1
817	5	2024-04-01 00:00:00+03	0	1
818	6	2024-04-01 00:00:00+03	0	1
819	7	2024-04-01 00:00:00+03	0	1
820	8	2024-04-01 00:00:00+03	500000	1
821	9	2024-04-01 00:00:00+03	6150000	1
822	10	2024-04-01 00:00:00+03	150000	1
823	1	2024-05-01 00:00:00+03	1900000	1
824	2	2024-05-01 00:00:00+03	80000	1
825	3	2024-05-01 00:00:00+03	60000	1
826	4	2024-05-01 00:00:00+03	1000000	1
827	5	2024-05-01 00:00:00+03	0	1
828	6	2024-05-01 00:00:00+03	0	1
829	7	2024-05-01 00:00:00+03	0	1
830	8	2024-05-01 00:00:00+03	500000	1
831	9	2024-05-01 00:00:00+03	6150000	1
832	10	2024-05-01 00:00:00+03	150000	1
833	1	2024-06-01 00:00:00+03	1900000	1
834	2	2024-06-01 00:00:00+03	80000	1
835	3	2024-06-01 00:00:00+03	60000	1
836	4	2024-06-01 00:00:00+03	1000000	1
837	5	2024-06-01 00:00:00+03	0	1
838	6	2024-06-01 00:00:00+03	0	1
839	7	2024-06-01 00:00:00+03	0	1
840	8	2024-06-01 00:00:00+03	500000	1
841	9	2024-06-01 00:00:00+03	6150000	1
842	10	2024-06-01 00:00:00+03	150000	1
843	1	2024-07-01 00:00:00+03	0	1
844	2	2024-07-01 00:00:00+03	0	1
845	3	2024-07-01 00:00:00+03	0	1
846	4	2024-07-01 00:00:00+03	0	1
847	5	2024-07-01 00:00:00+03	0	1
848	6	2024-07-01 00:00:00+03	0	1
849	7	2024-07-01 00:00:00+03	0	1
850	8	2024-07-01 00:00:00+03	0	1
851	9	2024-07-01 00:00:00+03	0	1
852	10	2024-07-01 00:00:00+03	0	1
853	1	2024-08-01 00:00:00+03	0	1
854	2	2024-08-01 00:00:00+03	0	1
855	3	2024-08-01 00:00:00+03	0	1
856	4	2024-08-01 00:00:00+03	0	1
857	5	2024-08-01 00:00:00+03	0	1
858	6	2024-08-01 00:00:00+03	0	1
859	7	2024-08-01 00:00:00+03	0	1
860	8	2024-08-01 00:00:00+03	0	1
861	9	2024-08-01 00:00:00+03	0	1
862	10	2024-08-01 00:00:00+03	0	1
863	1	2024-09-01 00:00:00+03	0	1
864	2	2024-09-01 00:00:00+03	0	1
865	3	2024-09-01 00:00:00+03	0	1
866	4	2024-09-01 00:00:00+03	0	1
867	5	2024-09-01 00:00:00+03	0	1
868	6	2024-09-01 00:00:00+03	0	1
869	7	2024-09-01 00:00:00+03	0	1
870	8	2024-09-01 00:00:00+03	0	1
871	9	2024-09-01 00:00:00+03	0	1
872	10	2024-09-01 00:00:00+03	0	1
873	1	2024-10-01 00:00:00+03	0	1
874	2	2024-10-01 00:00:00+03	0	1
875	3	2024-10-01 00:00:00+03	0	1
876	4	2024-10-01 00:00:00+03	0	1
877	5	2024-10-01 00:00:00+03	0	1
878	6	2024-10-01 00:00:00+03	0	1
879	7	2024-10-01 00:00:00+03	0	1
880	8	2024-10-01 00:00:00+03	0	1
881	9	2024-10-01 00:00:00+03	0	1
882	10	2024-10-01 00:00:00+03	0	1
883	1	2024-11-01 00:00:00+03	0	1
884	2	2024-11-01 00:00:00+03	0	1
885	3	2024-11-01 00:00:00+03	0	1
886	4	2024-11-01 00:00:00+03	0	1
887	5	2024-11-01 00:00:00+03	0	1
888	6	2024-11-01 00:00:00+03	0	1
889	7	2024-11-01 00:00:00+03	0	1
890	8	2024-11-01 00:00:00+03	0	1
891	9	2024-11-01 00:00:00+03	0	1
892	10	2024-11-01 00:00:00+03	0	1
893	1	2024-12-01 00:00:00+03	0	1
894	2	2024-12-01 00:00:00+03	0	1
895	3	2024-12-01 00:00:00+03	0	1
896	4	2024-12-01 00:00:00+03	0	1
897	5	2024-12-01 00:00:00+03	0	1
898	6	2024-12-01 00:00:00+03	0	1
899	7	2024-12-01 00:00:00+03	0	1
900	8	2024-12-01 00:00:00+03	0	1
901	9	2024-12-01 00:00:00+03	0	1
902	10	2024-12-01 00:00:00+03	0	1
\.


--
-- TOC entry 4919 (class 0 OID 16633)
-- Dependencies: 233
-- Data for Name: PlannedOutcomes; Type: TABLE DATA; Schema: public; Owner: postgres
--

COPY public."PlannedOutcomes" ("Id", "StatementId", "Date", "Amount", "OrganizationId") FROM stdin;
11	1	2023-01-01 00:00:00+03	0	1
12	2	2023-01-01 00:00:00+03	150000	1
13	3	2023-01-01 00:00:00+03	50000	1
14	4	2023-01-01 00:00:00+03	2000000	1
15	5	2023-01-01 00:00:00+03	400000	1
16	6	2023-01-01 00:00:00+03	50000	1
17	7	2023-01-01 00:00:00+03	20000	1
18	8	2023-01-01 00:00:00+03	20000	1
19	9	2023-01-01 00:00:00+03	100000	1
20	10	2023-01-01 00:00:00+03	1000000	1
21	11	2023-01-01 00:00:00+03	500000	1
22	12	2023-01-01 00:00:00+03	150000	1
23	13	2023-01-01 00:00:00+03	150000	1
24	14	2023-01-01 00:00:00+03	100000	1
25	15	2023-01-01 00:00:00+03	90000	1
26	16	2023-01-01 00:00:00+03	0	1
27	17	2023-01-01 00:00:00+03	100000	1
28	18	2023-01-01 00:00:00+03	100000	1
29	19	2023-01-01 00:00:00+03	60000	1
30	20	2023-01-01 00:00:00+03	30000	1
31	1	2023-02-01 00:00:00+03	0	1
32	2	2023-02-01 00:00:00+03	150000	1
33	3	2023-02-01 00:00:00+03	50000	1
34	4	2023-02-01 00:00:00+03	2000000	1
35	5	2023-02-01 00:00:00+03	400000	1
36	6	2023-02-01 00:00:00+03	50000	1
37	7	2023-02-01 00:00:00+03	20000	1
38	8	2023-02-01 00:00:00+03	20000	1
39	9	2023-02-01 00:00:00+03	100000	1
40	10	2023-02-01 00:00:00+03	1000000	1
41	11	2023-02-01 00:00:00+03	500000	1
42	12	2023-02-01 00:00:00+03	150000	1
43	13	2023-02-01 00:00:00+03	150000	1
44	14	2023-02-01 00:00:00+03	100000	1
45	15	2023-02-01 00:00:00+03	90000	1
46	16	2023-02-01 00:00:00+03	2000000	1
47	17	2023-02-01 00:00:00+03	100000	1
48	18	2023-02-01 00:00:00+03	100000	1
49	19	2023-02-01 00:00:00+03	60000	1
50	20	2023-02-01 00:00:00+03	30000	1
51	1	2023-03-01 00:00:00+03	170000	1
52	2	2023-03-01 00:00:00+03	150000	1
53	3	2023-03-01 00:00:00+03	50000	1
54	4	2023-03-01 00:00:00+03	2000000	1
55	5	2023-03-01 00:00:00+03	400000	1
56	6	2023-03-01 00:00:00+03	50000	1
57	7	2023-03-01 00:00:00+03	20000	1
58	8	2023-03-01 00:00:00+03	20000	1
59	9	2023-03-01 00:00:00+03	100000	1
60	10	2023-03-01 00:00:00+03	1000000	1
61	11	2023-03-01 00:00:00+03	500000	1
62	12	2023-03-01 00:00:00+03	150000	1
63	13	2023-03-01 00:00:00+03	150000	1
64	14	2023-03-01 00:00:00+03	100000	1
65	15	2023-03-01 00:00:00+03	90000	1
66	16	2023-03-01 00:00:00+03	1500000	1
67	17	2023-03-01 00:00:00+03	100000	1
68	18	2023-03-01 00:00:00+03	100000	1
69	19	2023-03-01 00:00:00+03	60000	1
70	20	2023-03-01 00:00:00+03	30000	1
71	1	2023-04-01 00:00:00+03	0	1
72	2	2023-04-01 00:00:00+03	150000	1
73	3	2023-04-01 00:00:00+03	50000	1
74	4	2023-04-01 00:00:00+03	2000000	1
75	5	2023-04-01 00:00:00+03	400000	1
76	6	2023-04-01 00:00:00+03	50000	1
77	7	2023-04-01 00:00:00+03	20000	1
78	8	2023-04-01 00:00:00+03	20000	1
79	9	2023-04-01 00:00:00+03	100000	1
80	10	2023-04-01 00:00:00+03	1000000	1
81	11	2023-04-01 00:00:00+03	500000	1
82	12	2023-04-01 00:00:00+03	150000	1
83	13	2023-04-01 00:00:00+03	150000	1
84	14	2023-04-01 00:00:00+03	100000	1
85	15	2023-04-01 00:00:00+03	90000	1
86	16	2023-04-01 00:00:00+03	0	1
87	17	2023-04-01 00:00:00+03	0	1
88	18	2023-04-01 00:00:00+03	100000	1
89	19	2023-04-01 00:00:00+03	60000	1
90	20	2023-04-01 00:00:00+03	30000	1
91	1	2023-05-01 00:00:00+03	0	1
92	2	2023-05-01 00:00:00+03	150000	1
93	3	2023-05-01 00:00:00+03	50000	1
94	4	2023-05-01 00:00:00+03	2000000	1
95	5	2023-05-01 00:00:00+03	400000	1
96	6	2023-05-01 00:00:00+03	50000	1
97	7	2023-05-01 00:00:00+03	20000	1
98	8	2023-05-01 00:00:00+03	20000	1
99	9	2023-05-01 00:00:00+03	100000	1
100	10	2023-05-01 00:00:00+03	1000000	1
101	11	2023-05-01 00:00:00+03	500000	1
102	12	2023-05-01 00:00:00+03	0	1
103	13	2023-05-01 00:00:00+03	150000	1
104	14	2023-05-01 00:00:00+03	100000	1
105	15	2023-05-01 00:00:00+03	0	1
106	16	2023-05-01 00:00:00+03	900000	1
107	17	2023-05-01 00:00:00+03	100000	1
108	18	2023-05-01 00:00:00+03	100000	1
109	19	2023-05-01 00:00:00+03	60000	1
110	20	2023-05-01 00:00:00+03	30000	1
111	1	2023-06-01 00:00:00+03	0	1
112	2	2023-06-01 00:00:00+03	150000	1
113	3	2023-06-01 00:00:00+03	50000	1
114	4	2023-06-01 00:00:00+03	2000000	1
115	5	2023-06-01 00:00:00+03	400000	1
116	6	2023-06-01 00:00:00+03	0	1
117	7	2023-06-01 00:00:00+03	20000	1
118	8	2023-06-01 00:00:00+03	20000	1
119	9	2023-06-01 00:00:00+03	100000	1
120	10	2023-06-01 00:00:00+03	1000000	1
121	11	2023-06-01 00:00:00+03	100000	1
122	12	2023-06-01 00:00:00+03	150000	1
123	13	2023-06-01 00:00:00+03	150000	1
124	14	2023-06-01 00:00:00+03	100000	1
125	15	2023-06-01 00:00:00+03	0	1
126	16	2023-06-01 00:00:00+03	0	1
127	17	2023-06-01 00:00:00+03	0	1
128	18	2023-06-01 00:00:00+03	100000	1
129	19	2023-06-01 00:00:00+03	60000	1
130	20	2023-06-01 00:00:00+03	30000	1
131	1	2023-07-01 00:00:00+03	0	1
132	2	2023-07-01 00:00:00+03	150000	1
133	3	2023-07-01 00:00:00+03	50000	1
134	4	2023-07-01 00:00:00+03	2000000	1
135	5	2023-07-01 00:00:00+03	400000	1
136	6	2023-07-01 00:00:00+03	0	1
137	7	2023-07-01 00:00:00+03	20000	1
138	8	2023-07-01 00:00:00+03	20000	1
139	9	2023-07-01 00:00:00+03	100000	1
140	10	2023-07-01 00:00:00+03	1000000	1
141	11	2023-07-01 00:00:00+03	100000	1
142	12	2023-07-01 00:00:00+03	150000	1
143	13	2023-07-01 00:00:00+03	150000	1
144	14	2023-07-01 00:00:00+03	100000	1
145	15	2023-07-01 00:00:00+03	33000	1
146	16	2023-07-01 00:00:00+03	0	1
147	17	2023-07-01 00:00:00+03	100000	1
148	18	2023-07-01 00:00:00+03	100000	1
149	19	2023-07-01 00:00:00+03	60000	1
150	20	2023-07-01 00:00:00+03	30000	1
151	1	2023-08-01 00:00:00+03	0	1
152	2	2023-08-01 00:00:00+03	150000	1
153	3	2023-08-01 00:00:00+03	50000	1
154	4	2023-08-01 00:00:00+03	2000000	1
155	5	2023-08-01 00:00:00+03	400000	1
156	6	2023-08-01 00:00:00+03	50000	1
157	7	2023-08-01 00:00:00+03	20000	1
158	8	2023-08-01 00:00:00+03	20000	1
159	9	2023-08-01 00:00:00+03	100000	1
160	10	2023-08-01 00:00:00+03	1000000	1
161	11	2023-08-01 00:00:00+03	100000	1
162	12	2023-08-01 00:00:00+03	150000	1
163	13	2023-08-01 00:00:00+03	150000	1
164	14	2023-08-01 00:00:00+03	100000	1
165	15	2023-08-01 00:00:00+03	90000	1
166	16	2023-08-01 00:00:00+03	0	1
167	17	2023-08-01 00:00:00+03	100000	1
168	18	2023-08-01 00:00:00+03	100000	1
169	19	2023-08-01 00:00:00+03	60000	1
170	20	2023-08-01 00:00:00+03	30000	1
171	1	2023-09-01 00:00:00+03	0	1
172	2	2023-09-01 00:00:00+03	150000	1
173	3	2023-09-01 00:00:00+03	80000	1
174	4	2023-09-01 00:00:00+03	2000000	1
175	5	2023-09-01 00:00:00+03	200000	1
176	6	2023-09-01 00:00:00+03	41000	1
177	7	2023-09-01 00:00:00+03	25000	1
178	8	2023-09-01 00:00:00+03	20000	1
179	9	2023-09-01 00:00:00+03	100000	1
180	10	2023-09-01 00:00:00+03	1000000	1
181	11	2023-09-01 00:00:00+03	500000	1
182	12	2023-09-01 00:00:00+03	150000	1
183	13	2023-09-01 00:00:00+03	150000	1
184	14	2023-09-01 00:00:00+03	100000	1
185	15	2023-09-01 00:00:00+03	40000	1
186	16	2023-09-01 00:00:00+03	0	1
187	17	2023-09-01 00:00:00+03	100000	1
188	18	2023-09-01 00:00:00+03	100000	1
189	19	2023-09-01 00:00:00+03	60000	1
190	20	2023-09-01 00:00:00+03	30000	1
191	1	2023-10-01 00:00:00+03	84000	1
192	2	2023-10-01 00:00:00+03	170000	1
193	3	2023-10-01 00:00:00+03	80000	1
194	4	2023-10-01 00:00:00+03	2000000	1
195	5	2023-10-01 00:00:00+03	200000	1
196	6	2023-10-01 00:00:00+03	41000	1
197	7	2023-10-01 00:00:00+03	25000	1
198	8	2023-10-01 00:00:00+03	20000	1
199	9	2023-10-01 00:00:00+03	100000	1
200	10	2023-10-01 00:00:00+03	1000000	1
201	11	2023-10-01 00:00:00+03	500000	1
202	12	2023-10-01 00:00:00+03	150000	1
203	13	2023-10-01 00:00:00+03	150000	1
204	14	2023-10-01 00:00:00+03	100000	1
205	15	2023-10-01 00:00:00+03	0	1
206	16	2023-10-01 00:00:00+03	0	1
207	17	2023-10-01 00:00:00+03	100000	1
208	18	2023-10-01 00:00:00+03	100000	1
209	19	2023-10-01 00:00:00+03	60000	1
210	20	2023-10-01 00:00:00+03	30000	1
211	1	2023-11-01 00:00:00+03	0	1
212	2	2023-11-01 00:00:00+03	170000	1
213	3	2023-11-01 00:00:00+03	80000	1
214	4	2023-11-01 00:00:00+03	2000000	1
215	5	2023-11-01 00:00:00+03	200000	1
216	6	2023-11-01 00:00:00+03	41000	1
217	7	2023-11-01 00:00:00+03	25000	1
218	8	2023-11-01 00:00:00+03	20000	1
219	9	2023-11-01 00:00:00+03	100000	1
220	10	2023-11-01 00:00:00+03	1000000	1
221	11	2023-11-01 00:00:00+03	100000	1
222	12	2023-11-01 00:00:00+03	150000	1
223	13	2023-11-01 00:00:00+03	150000	1
224	14	2023-11-01 00:00:00+03	100000	1
225	15	2023-11-01 00:00:00+03	0	1
226	16	2023-11-01 00:00:00+03	0	1
227	17	2023-11-01 00:00:00+03	100000	1
228	18	2023-11-01 00:00:00+03	100000	1
229	19	2023-11-01 00:00:00+03	60000	1
230	20	2023-11-01 00:00:00+03	30000	1
231	1	2023-12-01 00:00:00+03	0	1
232	2	2023-12-01 00:00:00+03	170000	1
233	3	2023-12-01 00:00:00+03	80000	1
234	4	2023-12-01 00:00:00+03	2000000	1
235	5	2023-12-01 00:00:00+03	200000	1
236	6	2023-12-01 00:00:00+03	41000	1
237	7	2023-12-01 00:00:00+03	25000	1
238	8	2023-12-01 00:00:00+03	20000	1
239	9	2023-12-01 00:00:00+03	100000	1
240	10	2023-12-01 00:00:00+03	1000000	1
241	11	2023-12-01 00:00:00+03	100000	1
242	12	2023-12-01 00:00:00+03	150000	1
243	13	2023-12-01 00:00:00+03	150000	1
244	14	2023-12-01 00:00:00+03	100000	1
245	15	2023-12-01 00:00:00+03	0	1
246	16	2023-12-01 00:00:00+03	0	1
247	17	2023-12-01 00:00:00+03	100000	1
248	18	2023-12-01 00:00:00+03	100000	1
249	19	2023-12-01 00:00:00+03	60000	1
250	20	2023-12-01 00:00:00+03	30000	1
251	1	2024-01-01 00:00:00+03	0	1
252	2	2024-01-01 00:00:00+03	150000	1
253	3	2024-01-01 00:00:00+03	50000	1
254	4	2024-01-01 00:00:00+03	2000000	1
255	5	2024-01-01 00:00:00+03	400000	1
256	6	2024-01-01 00:00:00+03	50000	1
257	7	2024-01-01 00:00:00+03	20000	1
258	8	2024-01-01 00:00:00+03	20000	1
259	9	2024-01-01 00:00:00+03	100000	1
260	10	2024-01-01 00:00:00+03	1000000	1
261	11	2024-01-01 00:00:00+03	500000	1
262	12	2024-01-01 00:00:00+03	150000	1
263	13	2024-01-01 00:00:00+03	150000	1
264	14	2024-01-01 00:00:00+03	100000	1
265	15	2024-01-01 00:00:00+03	90000	1
266	16	2024-01-01 00:00:00+03	2000000	1
267	17	2024-01-01 00:00:00+03	100000	1
268	18	2024-01-01 00:00:00+03	100000	1
269	19	2024-01-01 00:00:00+03	60000	1
270	20	2024-01-01 00:00:00+03	30000	1
271	1	2024-02-01 00:00:00+03	0	1
272	2	2024-02-01 00:00:00+03	150000	1
273	3	2024-02-01 00:00:00+03	50000	1
274	4	2024-02-01 00:00:00+03	2000000	1
275	5	2024-02-01 00:00:00+03	260000	1
276	6	2024-02-01 00:00:00+03	0	1
277	7	2024-02-01 00:00:00+03	20000	1
278	8	2024-02-01 00:00:00+03	25000	1
279	9	2024-02-01 00:00:00+03	55000	1
280	10	2024-02-01 00:00:00+03	1000000	1
281	11	2024-02-01 00:00:00+03	320000	1
282	12	2024-02-01 00:00:00+03	0	1
283	13	2024-02-01 00:00:00+03	160000	1
284	14	2024-02-01 00:00:00+03	100000	1
285	15	2024-02-01 00:00:00+03	90000	1
286	16	2024-02-01 00:00:00+03	2000000	1
287	17	2024-02-01 00:00:00+03	100000	1
288	18	2024-02-01 00:00:00+03	100000	1
289	19	2024-02-01 00:00:00+03	60000	1
290	20	2024-02-01 00:00:00+03	30000	1
291	1	2024-03-01 00:00:00+03	0	1
292	2	2024-03-01 00:00:00+03	20000	1
293	3	2024-03-01 00:00:00+03	70000	1
294	4	2024-03-01 00:00:00+03	2500000	1
295	5	2024-03-01 00:00:00+03	20000	1
296	6	2024-03-01 00:00:00+03	0	1
297	7	2024-03-01 00:00:00+03	25000	1
298	8	2024-03-01 00:00:00+03	30000	1
299	9	2024-03-01 00:00:00+03	45000	1
300	10	2024-03-01 00:00:00+03	1050000	1
301	11	2024-03-01 00:00:00+03	600000	1
302	12	2024-03-01 00:00:00+03	0	1
303	13	2024-03-01 00:00:00+03	190000	1
304	14	2024-03-01 00:00:00+03	120000	1
305	15	2024-03-01 00:00:00+03	0	1
306	16	2024-03-01 00:00:00+03	0	1
307	17	2024-03-01 00:00:00+03	27000	1
308	18	2024-03-01 00:00:00+03	100000	1
309	19	2024-03-01 00:00:00+03	60000	1
310	20	2024-03-01 00:00:00+03	30000	1
311	1	2024-04-01 00:00:00+03	343000	1
312	2	2024-04-01 00:00:00+03	150000	1
313	3	2024-04-01 00:00:00+03	70000	1
314	4	2024-04-01 00:00:00+03	2500000	1
315	5	2024-04-01 00:00:00+03	20000	1
316	6	2024-04-01 00:00:00+03	0	1
317	7	2024-04-01 00:00:00+03	25000	1
318	8	2024-04-01 00:00:00+03	30000	1
319	9	2024-04-01 00:00:00+03	60000	1
320	10	2024-04-01 00:00:00+03	1050000	1
321	11	2024-04-01 00:00:00+03	200000	1
322	12	2024-04-01 00:00:00+03	0	1
323	13	2024-04-01 00:00:00+03	190000	1
324	14	2024-04-01 00:00:00+03	120000	1
325	15	2024-04-01 00:00:00+03	0	1
326	16	2024-04-01 00:00:00+03	0	1
327	17	2024-04-01 00:00:00+03	27000	1
328	18	2024-04-01 00:00:00+03	120000	1
329	19	2024-04-01 00:00:00+03	60000	1
330	20	2024-04-01 00:00:00+03	30000	1
331	1	2024-05-01 00:00:00+03	0	1
332	2	2024-05-01 00:00:00+03	150000	1
333	3	2024-05-01 00:00:00+03	70000	1
334	4	2024-05-01 00:00:00+03	2500000	1
335	5	2024-05-01 00:00:00+03	20000	1
336	6	2024-05-01 00:00:00+03	0	1
337	7	2024-05-01 00:00:00+03	25000	1
338	8	2024-05-01 00:00:00+03	30000	1
339	9	2024-05-01 00:00:00+03	60000	1
340	10	2024-05-01 00:00:00+03	1050000	1
341	11	2024-05-01 00:00:00+03	200000	1
342	12	2024-05-01 00:00:00+03	0	1
343	13	2024-05-01 00:00:00+03	190000	1
344	14	2024-05-01 00:00:00+03	120000	1
345	15	2024-05-01 00:00:00+03	0	1
346	16	2024-05-01 00:00:00+03	0	1
347	17	2024-05-01 00:00:00+03	30000	1
348	18	2024-05-01 00:00:00+03	120000	1
349	19	2024-05-01 00:00:00+03	60000	1
350	20	2024-05-01 00:00:00+03	30000	1
351	1	2024-06-01 00:00:00+03	0	1
352	2	2024-06-01 00:00:00+03	150000	1
353	3	2024-06-01 00:00:00+03	70000	1
354	4	2024-06-01 00:00:00+03	2500000	1
355	5	2024-06-01 00:00:00+03	20000	1
356	6	2024-06-01 00:00:00+03	0	1
357	7	2024-06-01 00:00:00+03	25000	1
358	8	2024-06-01 00:00:00+03	30000	1
359	9	2024-06-01 00:00:00+03	60000	1
360	10	2024-06-01 00:00:00+03	1050000	1
361	11	2024-06-01 00:00:00+03	200000	1
362	12	2024-06-01 00:00:00+03	0	1
363	13	2024-06-01 00:00:00+03	190000	1
364	14	2024-06-01 00:00:00+03	120000	1
365	15	2024-06-01 00:00:00+03	0	1
366	16	2024-06-01 00:00:00+03	0	1
367	17	2024-06-01 00:00:00+03	0	1
368	18	2024-06-01 00:00:00+03	120000	1
369	19	2024-06-01 00:00:00+03	60000	1
370	20	2024-06-01 00:00:00+03	30000	1
371	1	2024-07-01 00:00:00+03	0	1
372	2	2024-07-01 00:00:00+03	150000	1
373	3	2024-07-01 00:00:00+03	70000	1
374	4	2024-07-01 00:00:00+03	2500000	1
375	5	2024-07-01 00:00:00+03	20000	1
376	6	2024-07-01 00:00:00+03	0	1
377	7	2024-07-01 00:00:00+03	25000	1
378	8	2024-07-01 00:00:00+03	30000	1
379	9	2024-07-01 00:00:00+03	60000	1
380	10	2024-07-01 00:00:00+03	1050000	1
381	11	2024-07-01 00:00:00+03	200000	1
382	12	2024-07-01 00:00:00+03	0	1
383	13	2024-07-01 00:00:00+03	190000	1
384	14	2024-07-01 00:00:00+03	120000	1
385	15	2024-07-01 00:00:00+03	0	1
386	16	2024-07-01 00:00:00+03	0	1
387	17	2024-07-01 00:00:00+03	27000	1
388	18	2024-07-01 00:00:00+03	120000	1
389	19	2024-07-01 00:00:00+03	60000	1
390	20	2024-07-01 00:00:00+03	30000	1
391	1	2024-08-01 00:00:00+03	60000	1
392	2	2024-08-01 00:00:00+03	150000	1
393	3	2024-08-01 00:00:00+03	70000	1
394	4	2024-08-01 00:00:00+03	2500000	1
395	5	2024-08-01 00:00:00+03	20000	1
396	6	2024-08-01 00:00:00+03	0	1
397	7	2024-08-01 00:00:00+03	25000	1
398	8	2024-08-01 00:00:00+03	30000	1
399	9	2024-08-01 00:00:00+03	60000	1
400	10	2024-08-01 00:00:00+03	1050000	1
401	11	2024-08-01 00:00:00+03	200000	1
402	12	2024-08-01 00:00:00+03	0	1
403	13	2024-08-01 00:00:00+03	190000	1
404	14	2024-08-01 00:00:00+03	120000	1
405	15	2024-08-01 00:00:00+03	0	1
406	16	2024-08-01 00:00:00+03	0	1
407	17	2024-08-01 00:00:00+03	0	1
408	18	2024-08-01 00:00:00+03	120000	1
409	19	2024-08-01 00:00:00+03	60000	1
410	20	2024-08-01 00:00:00+03	30000	1
411	1	2024-09-01 00:00:00+03	0	1
412	2	2024-09-01 00:00:00+03	150000	1
413	3	2024-09-01 00:00:00+03	70000	1
414	4	2024-09-01 00:00:00+03	2500000	1
415	5	2024-09-01 00:00:00+03	20000	1
416	6	2024-09-01 00:00:00+03	0	1
417	7	2024-09-01 00:00:00+03	25000	1
418	8	2024-09-01 00:00:00+03	30000	1
419	9	2024-09-01 00:00:00+03	60000	1
420	10	2024-09-01 00:00:00+03	1050000	1
421	11	2024-09-01 00:00:00+03	200000	1
422	12	2024-09-01 00:00:00+03	0	1
423	13	2024-09-01 00:00:00+03	190000	1
424	14	2024-09-01 00:00:00+03	120000	1
425	15	2024-09-01 00:00:00+03	0	1
426	16	2024-09-01 00:00:00+03	0	1
427	17	2024-09-01 00:00:00+03	0	1
428	18	2024-09-01 00:00:00+03	120000	1
429	19	2024-09-01 00:00:00+03	60000	1
430	20	2024-09-01 00:00:00+03	30000	1
431	1	2024-10-01 00:00:00+03	48000	1
432	2	2024-10-01 00:00:00+03	150000	1
433	3	2024-10-01 00:00:00+03	70000	1
434	4	2024-10-01 00:00:00+03	2500000	1
435	5	2024-10-01 00:00:00+03	20000	1
436	6	2024-10-01 00:00:00+03	0	1
437	7	2024-10-01 00:00:00+03	25000	1
438	8	2024-10-01 00:00:00+03	30000	1
439	9	2024-10-01 00:00:00+03	60000	1
440	10	2024-10-01 00:00:00+03	1050000	1
441	11	2024-10-01 00:00:00+03	200000	1
442	12	2024-10-01 00:00:00+03	0	1
443	13	2024-10-01 00:00:00+03	190000	1
444	14	2024-10-01 00:00:00+03	120000	1
445	15	2024-10-01 00:00:00+03	0	1
446	16	2024-10-01 00:00:00+03	0	1
447	17	2024-10-01 00:00:00+03	0	1
448	18	2024-10-01 00:00:00+03	120000	1
449	19	2024-10-01 00:00:00+03	60000	1
450	20	2024-10-01 00:00:00+03	30000	1
451	1	2024-11-01 00:00:00+03	0	1
452	2	2024-11-01 00:00:00+03	150000	1
453	3	2024-11-01 00:00:00+03	70000	1
454	4	2024-11-01 00:00:00+03	2500000	1
455	5	2024-11-01 00:00:00+03	20000	1
456	6	2024-11-01 00:00:00+03	0	1
457	7	2024-11-01 00:00:00+03	25000	1
458	8	2024-11-01 00:00:00+03	30000	1
459	9	2024-11-01 00:00:00+03	60000	1
460	10	2024-11-01 00:00:00+03	1050000	1
461	11	2024-11-01 00:00:00+03	200000	1
462	12	2024-11-01 00:00:00+03	0	1
463	13	2024-11-01 00:00:00+03	190000	1
464	14	2024-11-01 00:00:00+03	120000	1
465	15	2024-11-01 00:00:00+03	0	1
466	16	2024-11-01 00:00:00+03	0	1
467	17	2024-11-01 00:00:00+03	0	1
468	18	2024-11-01 00:00:00+03	120000	1
469	19	2024-11-01 00:00:00+03	60000	1
470	20	2024-11-01 00:00:00+03	30000	1
471	1	2024-12-01 00:00:00+03	0	1
472	2	2024-12-01 00:00:00+03	150000	1
473	3	2024-12-01 00:00:00+03	70000	1
474	4	2024-12-01 00:00:00+03	2700000	1
475	5	2024-12-01 00:00:00+03	20000	1
476	6	2024-12-01 00:00:00+03	0	1
477	7	2024-12-01 00:00:00+03	25000	1
478	8	2024-12-01 00:00:00+03	30000	1
479	9	2024-12-01 00:00:00+03	60000	1
480	10	2024-12-01 00:00:00+03	1050000	1
481	11	2024-12-01 00:00:00+03	200000	1
482	12	2024-12-01 00:00:00+03	20000	1
483	13	2024-12-01 00:00:00+03	190000	1
484	14	2024-12-01 00:00:00+03	120000	1
485	15	2024-12-01 00:00:00+03	0	1
486	16	2024-12-01 00:00:00+03	0	1
487	17	2024-12-01 00:00:00+03	100000	1
488	18	2024-12-01 00:00:00+03	120000	1
489	19	2024-12-01 00:00:00+03	60000	1
490	20	2024-12-01 00:00:00+03	30000	1
491	1	2022-01-01 00:00:00+03	0	1
492	2	2022-01-01 00:00:00+03	0	1
493	3	2022-01-01 00:00:00+03	50000	1
494	4	2022-01-01 00:00:00+03	2000000	1
495	5	2022-01-01 00:00:00+03	400000	1
496	6	2022-01-01 00:00:00+03	50000	1
497	7	2022-01-01 00:00:00+03	20000	1
498	8	2022-01-01 00:00:00+03	20000	1
499	9	2022-01-01 00:00:00+03	100000	1
500	10	2022-01-01 00:00:00+03	1000000	1
501	11	2022-01-01 00:00:00+03	500000	1
502	12	2022-01-01 00:00:00+03	150000	1
503	13	2022-01-01 00:00:00+03	150000	1
504	14	2022-01-01 00:00:00+03	100000	1
505	15	2022-01-01 00:00:00+03	90000	1
506	16	2022-01-01 00:00:00+03	2000000	1
507	17	2022-01-01 00:00:00+03	100000	1
508	18	2022-01-01 00:00:00+03	100000	1
509	19	2022-01-01 00:00:00+03	60000	1
510	20	2022-01-01 00:00:00+03	30000	1
511	1	2022-02-01 00:00:00+03	0	1
512	2	2022-02-01 00:00:00+03	150000	1
513	3	2022-02-01 00:00:00+03	50000	1
514	4	2022-02-01 00:00:00+03	2000000	1
515	5	2022-02-01 00:00:00+03	0	1
516	6	2022-02-01 00:00:00+03	50000	1
517	7	2022-02-01 00:00:00+03	20000	1
518	8	2022-02-01 00:00:00+03	20000	1
519	9	2022-02-01 00:00:00+03	100000	1
520	10	2022-02-01 00:00:00+03	1000000	1
521	11	2022-02-01 00:00:00+03	500000	1
522	12	2022-02-01 00:00:00+03	0	1
523	13	2022-02-01 00:00:00+03	150000	1
524	14	2022-02-01 00:00:00+03	100000	1
525	15	2022-02-01 00:00:00+03	0	1
526	16	2022-02-01 00:00:00+03	0	1
527	17	2022-02-01 00:00:00+03	100000	1
528	18	2022-02-01 00:00:00+03	100000	1
529	19	2022-02-01 00:00:00+03	60000	1
530	20	2022-02-01 00:00:00+03	30000	1
531	1	2022-03-01 00:00:00+03	0	1
532	2	2022-03-01 00:00:00+03	150000	1
533	3	2022-03-01 00:00:00+03	50000	1
534	4	2022-03-01 00:00:00+03	2000000	1
535	5	2022-03-01 00:00:00+03	0	1
536	6	2022-03-01 00:00:00+03	0	1
537	7	2022-03-01 00:00:00+03	20000	1
538	8	2022-03-01 00:00:00+03	20000	1
539	9	2022-03-01 00:00:00+03	100000	1
540	10	2022-03-01 00:00:00+03	1000000	1
541	11	2022-03-01 00:00:00+03	100000	1
542	12	2022-03-01 00:00:00+03	0	1
543	13	2022-03-01 00:00:00+03	150000	1
544	14	2022-03-01 00:00:00+03	100000	1
545	15	2022-03-01 00:00:00+03	90000	1
546	16	2022-03-01 00:00:00+03	2000000	1
547	17	2022-03-01 00:00:00+03	100000	1
548	18	2022-03-01 00:00:00+03	100000	1
549	19	2022-03-01 00:00:00+03	60000	1
550	20	2022-03-01 00:00:00+03	30000	1
551	1	2022-04-01 00:00:00+03	50000	1
552	2	2022-04-01 00:00:00+03	150000	1
553	3	2022-04-01 00:00:00+03	50000	1
554	4	2022-04-01 00:00:00+03	2000000	1
555	5	2022-04-01 00:00:00+03	400000	1
556	6	2022-04-01 00:00:00+03	50000	1
557	7	2022-04-01 00:00:00+03	20000	1
558	8	2022-04-01 00:00:00+03	20000	1
559	9	2022-04-01 00:00:00+03	100000	1
560	10	2022-04-01 00:00:00+03	1000000	1
561	11	2022-04-01 00:00:00+03	100000	1
562	12	2022-04-01 00:00:00+03	150000	1
563	13	2022-04-01 00:00:00+03	150000	1
564	14	2022-04-01 00:00:00+03	100000	1
565	15	2022-04-01 00:00:00+03	90000	1
566	16	2022-04-01 00:00:00+03	2000000	1
567	17	2022-04-01 00:00:00+03	0	1
568	18	2022-04-01 00:00:00+03	100000	1
569	19	2022-04-01 00:00:00+03	60000	1
570	20	2022-04-01 00:00:00+03	30000	1
571	1	2022-05-01 00:00:00+03	0	1
572	2	2022-05-01 00:00:00+03	150000	1
573	3	2022-05-01 00:00:00+03	50000	1
574	4	2022-05-01 00:00:00+03	2000000	1
575	5	2022-05-01 00:00:00+03	400000	1
576	6	2022-05-01 00:00:00+03	50000	1
577	7	2022-05-01 00:00:00+03	20000	1
578	8	2022-05-01 00:00:00+03	20000	1
579	9	2022-05-01 00:00:00+03	50000	1
580	10	2022-05-01 00:00:00+03	1000000	1
581	11	2022-05-01 00:00:00+03	500000	1
582	12	2022-05-01 00:00:00+03	70000	1
583	13	2022-05-01 00:00:00+03	150000	1
584	14	2022-05-01 00:00:00+03	100000	1
585	15	2022-05-01 00:00:00+03	0	1
586	16	2022-05-01 00:00:00+03	0	1
587	17	2022-05-01 00:00:00+03	100000	1
588	18	2022-05-01 00:00:00+03	100000	1
589	19	2022-05-01 00:00:00+03	60000	1
590	20	2022-05-01 00:00:00+03	30000	1
591	1	2022-06-01 00:00:00+03	0	1
592	2	2022-06-01 00:00:00+03	150000	1
593	3	2022-06-01 00:00:00+03	50000	1
594	4	2022-06-01 00:00:00+03	2000000	1
595	5	2022-06-01 00:00:00+03	400000	1
596	6	2022-06-01 00:00:00+03	50000	1
597	7	2022-06-01 00:00:00+03	20000	1
598	8	2022-06-01 00:00:00+03	20000	1
599	9	2022-06-01 00:00:00+03	80000	1
600	10	2022-06-01 00:00:00+03	1000000	1
601	11	2022-06-01 00:00:00+03	500000	1
602	12	2022-06-01 00:00:00+03	150000	1
603	13	2022-06-01 00:00:00+03	150000	1
604	14	2022-06-01 00:00:00+03	100000	1
605	15	2022-06-01 00:00:00+03	0	1
606	16	2022-06-01 00:00:00+03	0	1
607	17	2022-06-01 00:00:00+03	100000	1
608	18	2022-06-01 00:00:00+03	100000	1
609	19	2022-06-01 00:00:00+03	60000	1
610	20	2022-06-01 00:00:00+03	30000	1
611	1	2022-07-01 00:00:00+03	0	1
612	2	2022-07-01 00:00:00+03	150000	1
613	3	2022-07-01 00:00:00+03	50000	1
614	4	2022-07-01 00:00:00+03	2000000	1
615	5	2022-07-01 00:00:00+03	400000	1
616	6	2022-07-01 00:00:00+03	50000	1
617	7	2022-07-01 00:00:00+03	20000	1
618	8	2022-07-01 00:00:00+03	20000	1
619	9	2022-07-01 00:00:00+03	100000	1
620	10	2022-07-01 00:00:00+03	1000000	1
621	11	2022-07-01 00:00:00+03	500000	1
622	12	2022-07-01 00:00:00+03	150000	1
623	13	2022-07-01 00:00:00+03	150000	1
624	14	2022-07-01 00:00:00+03	100000	1
625	15	2022-07-01 00:00:00+03	90000	1
626	16	2022-07-01 00:00:00+03	0	1
627	17	2022-07-01 00:00:00+03	100000	1
628	18	2022-07-01 00:00:00+03	100000	1
629	19	2022-07-01 00:00:00+03	60000	1
630	20	2022-07-01 00:00:00+03	30000	1
631	1	2022-08-01 00:00:00+03	0	1
632	2	2022-08-01 00:00:00+03	150000	1
633	3	2022-08-01 00:00:00+03	50000	1
634	4	2022-08-01 00:00:00+03	2000000	1
635	5	2022-08-01 00:00:00+03	400000	1
636	6	2022-08-01 00:00:00+03	50000	1
637	7	2022-08-01 00:00:00+03	20000	1
638	8	2022-08-01 00:00:00+03	20000	1
639	9	2022-08-01 00:00:00+03	100000	1
640	10	2022-08-01 00:00:00+03	1000000	1
641	11	2022-08-01 00:00:00+03	500000	1
642	12	2022-08-01 00:00:00+03	150000	1
643	13	2022-08-01 00:00:00+03	150000	1
644	14	2022-08-01 00:00:00+03	100000	1
645	15	2022-08-01 00:00:00+03	0	1
646	16	2022-08-01 00:00:00+03	0	1
647	17	2022-08-01 00:00:00+03	100000	1
648	18	2022-08-01 00:00:00+03	100000	1
649	19	2022-08-01 00:00:00+03	60000	1
650	20	2022-08-01 00:00:00+03	30000	1
651	1	2022-09-01 00:00:00+03	0	1
652	2	2022-09-01 00:00:00+03	150000	1
653	3	2022-09-01 00:00:00+03	50000	1
654	4	2022-09-01 00:00:00+03	2000000	1
655	5	2022-09-01 00:00:00+03	400000	1
656	6	2022-09-01 00:00:00+03	50000	1
657	7	2022-09-01 00:00:00+03	20000	1
658	8	2022-09-01 00:00:00+03	20000	1
659	9	2022-09-01 00:00:00+03	100000	1
660	10	2022-09-01 00:00:00+03	1000000	1
661	11	2022-09-01 00:00:00+03	500000	1
662	12	2022-09-01 00:00:00+03	150000	1
663	13	2022-09-01 00:00:00+03	150000	1
664	14	2022-09-01 00:00:00+03	100000	1
665	15	2022-09-01 00:00:00+03	90000	1
666	16	2022-09-01 00:00:00+03	0	1
667	17	2022-09-01 00:00:00+03	100000	1
668	18	2022-09-01 00:00:00+03	100000	1
669	19	2022-09-01 00:00:00+03	60000	1
670	20	2022-09-01 00:00:00+03	30000	1
671	1	2022-10-01 00:00:00+03	0	1
672	2	2022-10-01 00:00:00+03	150000	1
673	3	2022-10-01 00:00:00+03	50000	1
674	4	2022-10-01 00:00:00+03	2000000	1
675	5	2022-10-01 00:00:00+03	400000	1
676	6	2022-10-01 00:00:00+03	50000	1
677	7	2022-10-01 00:00:00+03	20000	1
678	8	2022-10-01 00:00:00+03	25000	1
679	9	2022-10-01 00:00:00+03	100000	1
680	10	2022-10-01 00:00:00+03	1000000	1
681	11	2022-10-01 00:00:00+03	500000	1
682	12	2022-10-01 00:00:00+03	150000	1
683	13	2022-10-01 00:00:00+03	150000	1
684	14	2022-10-01 00:00:00+03	100000	1
685	15	2022-10-01 00:00:00+03	90000	1
686	16	2022-10-01 00:00:00+03	0	1
687	17	2022-10-01 00:00:00+03	0	1
688	18	2022-10-01 00:00:00+03	100000	1
689	19	2022-10-01 00:00:00+03	60000	1
690	20	2022-10-01 00:00:00+03	30000	1
691	1	2022-11-01 00:00:00+03	0	1
692	2	2022-11-01 00:00:00+03	150000	1
693	3	2022-11-01 00:00:00+03	50000	1
694	4	2022-11-01 00:00:00+03	2000000	1
695	5	2022-11-01 00:00:00+03	400000	1
696	6	2022-11-01 00:00:00+03	0	1
697	7	2022-11-01 00:00:00+03	20000	1
698	8	2022-11-01 00:00:00+03	20000	1
699	9	2022-11-01 00:00:00+03	100000	1
700	10	2022-11-01 00:00:00+03	1000000	1
701	11	2022-11-01 00:00:00+03	500000	1
702	12	2022-11-01 00:00:00+03	150000	1
703	13	2022-11-01 00:00:00+03	150000	1
704	14	2022-11-01 00:00:00+03	100000	1
705	15	2022-11-01 00:00:00+03	0	1
706	16	2022-11-01 00:00:00+03	2000000	1
707	17	2022-11-01 00:00:00+03	0	1
708	18	2022-11-01 00:00:00+03	100000	1
709	19	2022-11-01 00:00:00+03	60000	1
710	20	2022-11-01 00:00:00+03	30000	1
711	1	2022-12-01 00:00:00+03	0	1
712	2	2022-12-01 00:00:00+03	150000	1
713	3	2022-12-01 00:00:00+03	50000	1
714	4	2022-12-01 00:00:00+03	2500000	1
715	5	2022-12-01 00:00:00+03	250000	1
716	6	2022-12-01 00:00:00+03	50000	1
717	7	2022-12-01 00:00:00+03	20000	1
718	8	2022-12-01 00:00:00+03	20000	1
719	9	2022-12-01 00:00:00+03	100000	1
720	10	2022-12-01 00:00:00+03	1000000	1
721	11	2022-12-01 00:00:00+03	500000	1
722	12	2022-12-01 00:00:00+03	0	1
723	13	2022-12-01 00:00:00+03	150000	1
724	14	2022-12-01 00:00:00+03	100000	1
725	15	2022-12-01 00:00:00+03	0	1
726	16	2022-12-01 00:00:00+03	0	1
727	17	2022-12-01 00:00:00+03	150000	1
728	18	2022-12-01 00:00:00+03	100000	1
729	19	2022-12-01 00:00:00+03	60000	1
730	20	2022-12-01 00:00:00+03	30000	1
731	1	2021-01-01 00:00:00+03	0	1
732	2	2021-01-01 00:00:00+03	170000	1
733	3	2021-01-01 00:00:00+03	80000	1
734	4	2021-01-01 00:00:00+03	2000000	1
735	5	2021-01-01 00:00:00+03	200000	1
736	6	2021-01-01 00:00:00+03	41000	1
737	7	2021-01-01 00:00:00+03	25000	1
738	8	2021-01-01 00:00:00+03	20000	1
739	9	2021-01-01 00:00:00+03	100000	1
740	10	2021-01-01 00:00:00+03	1000000	1
741	11	2021-01-01 00:00:00+03	100000	1
742	12	2021-01-01 00:00:00+03	150000	1
743	13	2021-01-01 00:00:00+03	150000	1
744	14	2021-01-01 00:00:00+03	100000	1
745	15	2021-01-01 00:00:00+03	0	1
746	16	2021-01-01 00:00:00+03	0	1
747	17	2021-01-01 00:00:00+03	100000	1
748	18	2021-01-01 00:00:00+03	100000	1
749	19	2021-01-01 00:00:00+03	60000	1
750	20	2021-01-01 00:00:00+03	30000	1
751	1	2021-02-01 00:00:00+03	0	1
752	2	2021-02-01 00:00:00+03	170000	1
753	3	2021-02-01 00:00:00+03	80000	1
754	4	2021-02-01 00:00:00+03	2500000	1
755	5	2021-02-01 00:00:00+03	200000	1
756	6	2021-02-01 00:00:00+03	41000	1
757	7	2021-02-01 00:00:00+03	25000	1
758	8	2021-02-01 00:00:00+03	20000	1
759	9	2021-02-01 00:00:00+03	100000	1
760	10	2021-02-01 00:00:00+03	1000000	1
761	11	2021-02-01 00:00:00+03	100000	1
762	12	2021-02-01 00:00:00+03	150000	1
763	13	2021-02-01 00:00:00+03	150000	1
764	14	2021-02-01 00:00:00+03	100000	1
765	15	2021-02-01 00:00:00+03	0	1
766	16	2021-02-01 00:00:00+03	100000	1
767	17	2021-02-01 00:00:00+03	100000	1
768	18	2021-02-01 00:00:00+03	100000	1
769	19	2021-02-01 00:00:00+03	60000	1
770	20	2021-02-01 00:00:00+03	30000	1
771	1	2021-03-01 00:00:00+03	0	1
772	2	2021-03-01 00:00:00+03	170000	1
773	3	2021-03-01 00:00:00+03	80000	1
774	4	2021-03-01 00:00:00+03	2500000	1
775	5	2021-03-01 00:00:00+03	200000	1
776	6	2021-03-01 00:00:00+03	0	1
777	7	2021-03-01 00:00:00+03	25000	1
778	8	2021-03-01 00:00:00+03	20000	1
779	9	2021-03-01 00:00:00+03	20000	1
780	10	2021-03-01 00:00:00+03	1000000	1
781	11	2021-03-01 00:00:00+03	100000	1
782	12	2021-03-01 00:00:00+03	40000	1
783	13	2021-03-01 00:00:00+03	150000	1
784	14	2021-03-01 00:00:00+03	100000	1
785	15	2021-03-01 00:00:00+03	33000	1
786	16	2021-03-01 00:00:00+03	100000	1
787	17	2021-03-01 00:00:00+03	40000	1
788	18	2021-03-01 00:00:00+03	100000	1
789	19	2021-03-01 00:00:00+03	60000	1
790	20	2021-03-01 00:00:00+03	30000	1
791	1	2021-04-01 00:00:00+03	0	1
792	2	2021-04-01 00:00:00+03	170000	1
793	3	2021-04-01 00:00:00+03	80000	1
794	4	2021-04-01 00:00:00+03	2500000	1
795	5	2021-04-01 00:00:00+03	200000	1
796	6	2021-04-01 00:00:00+03	19000	1
797	7	2021-04-01 00:00:00+03	25000	1
798	8	2021-04-01 00:00:00+03	23000	1
799	9	2021-04-01 00:00:00+03	70000	1
800	10	2021-04-01 00:00:00+03	1000000	1
801	11	2021-04-01 00:00:00+03	100000	1
802	12	2021-04-01 00:00:00+03	40000	1
803	13	2021-04-01 00:00:00+03	150000	1
804	14	2021-04-01 00:00:00+03	100000	1
805	15	2021-04-01 00:00:00+03	0	1
806	16	2021-04-01 00:00:00+03	0	1
807	17	2021-04-01 00:00:00+03	0	1
808	18	2021-04-01 00:00:00+03	100000	1
809	19	2021-04-01 00:00:00+03	60000	1
810	20	2021-04-01 00:00:00+03	30000	1
811	1	2021-05-01 00:00:00+03	348000	1
812	2	2021-05-01 00:00:00+03	170000	1
813	3	2021-05-01 00:00:00+03	80000	1
814	4	2021-05-01 00:00:00+03	2500000	1
815	5	2021-05-01 00:00:00+03	200000	1
816	6	2021-05-01 00:00:00+03	19000	1
817	7	2021-05-01 00:00:00+03	25000	1
818	8	2021-05-01 00:00:00+03	23000	1
819	9	2021-05-01 00:00:00+03	70000	1
820	10	2021-05-01 00:00:00+03	1000000	1
821	11	2021-05-01 00:00:00+03	250000	1
822	12	2021-05-01 00:00:00+03	40000	1
823	13	2021-05-01 00:00:00+03	150000	1
824	14	2021-05-01 00:00:00+03	100000	1
825	15	2021-05-01 00:00:00+03	0	1
826	16	2021-05-01 00:00:00+03	0	1
827	17	2021-05-01 00:00:00+03	91000	1
828	18	2021-05-01 00:00:00+03	100000	1
829	19	2021-05-01 00:00:00+03	60000	1
830	20	2021-05-01 00:00:00+03	30000	1
831	1	2021-06-01 00:00:00+03	0	1
832	2	2021-06-01 00:00:00+03	170000	1
833	3	2021-06-01 00:00:00+03	80000	1
834	4	2021-06-01 00:00:00+03	2500000	1
835	5	2021-06-01 00:00:00+03	200000	1
836	6	2021-06-01 00:00:00+03	19000	1
837	7	2021-06-01 00:00:00+03	25000	1
838	8	2021-06-01 00:00:00+03	23000	1
839	9	2021-06-01 00:00:00+03	70000	1
840	10	2021-06-01 00:00:00+03	1000000	1
841	11	2021-06-01 00:00:00+03	100000	1
842	12	2021-06-01 00:00:00+03	40000	1
843	13	2021-06-01 00:00:00+03	150000	1
844	14	2021-06-01 00:00:00+03	100000	1
845	15	2021-06-01 00:00:00+03	0	1
846	16	2021-06-01 00:00:00+03	0	1
847	17	2021-06-01 00:00:00+03	0	1
848	18	2021-06-01 00:00:00+03	100000	1
849	19	2021-06-01 00:00:00+03	60000	1
850	20	2021-06-01 00:00:00+03	30000	1
851	1	2021-07-01 00:00:00+03	85000	1
852	2	2021-07-01 00:00:00+03	170000	1
853	3	2021-07-01 00:00:00+03	80000	1
854	4	2021-07-01 00:00:00+03	2500000	1
855	5	2021-07-01 00:00:00+03	200000	1
856	6	2021-07-01 00:00:00+03	19000	1
857	7	2021-07-01 00:00:00+03	25000	1
858	8	2021-07-01 00:00:00+03	23000	1
859	9	2021-07-01 00:00:00+03	70000	1
860	10	2021-07-01 00:00:00+03	1000000	1
861	11	2021-07-01 00:00:00+03	100000	1
862	12	2021-07-01 00:00:00+03	40000	1
863	13	2021-07-01 00:00:00+03	150000	1
864	14	2021-07-01 00:00:00+03	100000	1
865	15	2021-07-01 00:00:00+03	0	1
866	16	2021-07-01 00:00:00+03	100000	1
867	17	2021-07-01 00:00:00+03	0	1
868	18	2021-07-01 00:00:00+03	100000	1
869	19	2021-07-01 00:00:00+03	60000	1
870	20	2021-07-01 00:00:00+03	30000	1
871	1	2021-08-01 00:00:00+03	0	1
872	2	2021-08-01 00:00:00+03	170000	1
873	3	2021-08-01 00:00:00+03	80000	1
874	4	2021-08-01 00:00:00+03	2500000	1
875	5	2021-08-01 00:00:00+03	200000	1
876	6	2021-08-01 00:00:00+03	19000	1
877	7	2021-08-01 00:00:00+03	25000	1
878	8	2021-08-01 00:00:00+03	23000	1
879	9	2021-08-01 00:00:00+03	70000	1
880	10	2021-08-01 00:00:00+03	1000000	1
881	11	2021-08-01 00:00:00+03	100000	1
882	12	2021-08-01 00:00:00+03	0	1
883	13	2021-08-01 00:00:00+03	150000	1
884	14	2021-08-01 00:00:00+03	100000	1
885	15	2021-08-01 00:00:00+03	0	1
886	16	2021-08-01 00:00:00+03	0	1
887	17	2021-08-01 00:00:00+03	0	1
888	18	2021-08-01 00:00:00+03	100000	1
889	19	2021-08-01 00:00:00+03	60000	1
890	20	2021-08-01 00:00:00+03	30000	1
891	1	2021-09-01 00:00:00+03	0	1
892	2	2021-09-01 00:00:00+03	170000	1
893	3	2021-09-01 00:00:00+03	80000	1
894	4	2021-09-01 00:00:00+03	2500000	1
895	5	2021-09-01 00:00:00+03	200000	1
896	6	2021-09-01 00:00:00+03	19000	1
897	7	2021-09-01 00:00:00+03	25000	1
898	8	2021-09-01 00:00:00+03	23000	1
899	9	2021-09-01 00:00:00+03	70000	1
900	10	2021-09-01 00:00:00+03	1000000	1
901	11	2021-09-01 00:00:00+03	100000	1
902	12	2021-09-01 00:00:00+03	40000	1
903	13	2021-09-01 00:00:00+03	150000	1
904	14	2021-09-01 00:00:00+03	100000	1
905	15	2021-09-01 00:00:00+03	90000	1
906	16	2021-09-01 00:00:00+03	0	1
907	17	2021-09-01 00:00:00+03	0	1
908	18	2021-09-01 00:00:00+03	100000	1
909	19	2021-09-01 00:00:00+03	60000	1
910	20	2021-09-01 00:00:00+03	30000	1
911	1	2021-10-01 00:00:00+03	0	1
912	2	2021-10-01 00:00:00+03	170000	1
913	3	2021-10-01 00:00:00+03	80000	1
914	4	2021-10-01 00:00:00+03	2500000	1
915	5	2021-10-01 00:00:00+03	200000	1
916	6	2021-10-01 00:00:00+03	50000	1
917	7	2021-10-01 00:00:00+03	25000	1
918	8	2021-10-01 00:00:00+03	23000	1
919	9	2021-10-01 00:00:00+03	70000	1
920	10	2021-10-01 00:00:00+03	1000000	1
921	11	2021-10-01 00:00:00+03	100000	1
922	12	2021-10-01 00:00:00+03	40000	1
923	13	2021-10-01 00:00:00+03	150000	1
924	14	2021-10-01 00:00:00+03	100000	1
925	15	2021-10-01 00:00:00+03	0	1
926	16	2021-10-01 00:00:00+03	0	1
927	17	2021-10-01 00:00:00+03	0	1
928	18	2021-10-01 00:00:00+03	100000	1
929	19	2021-10-01 00:00:00+03	60000	1
930	20	2021-10-01 00:00:00+03	30000	1
931	1	2021-11-01 00:00:00+03	64000	1
932	2	2021-11-01 00:00:00+03	170000	1
933	3	2021-11-01 00:00:00+03	80000	1
934	4	2021-11-01 00:00:00+03	2500000	1
935	5	2021-11-01 00:00:00+03	200000	1
936	6	2021-11-01 00:00:00+03	19000	1
937	7	2021-11-01 00:00:00+03	25000	1
938	8	2021-11-01 00:00:00+03	23000	1
939	9	2021-11-01 00:00:00+03	70000	1
940	10	2021-11-01 00:00:00+03	1000000	1
941	11	2021-11-01 00:00:00+03	100000	1
942	12	2021-11-01 00:00:00+03	40000	1
943	13	2021-11-01 00:00:00+03	150000	1
944	14	2021-11-01 00:00:00+03	100000	1
945	15	2021-11-01 00:00:00+03	150000	1
946	16	2021-11-01 00:00:00+03	0	1
947	17	2021-11-01 00:00:00+03	10000	1
948	18	2021-11-01 00:00:00+03	100000	1
949	19	2021-11-01 00:00:00+03	60000	1
950	20	2021-11-01 00:00:00+03	30000	1
951	1	2021-12-01 00:00:00+03	0	1
952	2	2021-12-01 00:00:00+03	170000	1
953	3	2021-12-01 00:00:00+03	80000	1
954	4	2021-12-01 00:00:00+03	2500000	1
955	5	2021-12-01 00:00:00+03	200000	1
956	6	2021-12-01 00:00:00+03	19000	1
957	7	2021-12-01 00:00:00+03	25000	1
958	8	2021-12-01 00:00:00+03	23000	1
959	9	2021-12-01 00:00:00+03	70000	1
960	10	2021-12-01 00:00:00+03	1000000	1
961	11	2021-12-01 00:00:00+03	100000	1
962	12	2021-12-01 00:00:00+03	40000	1
963	13	2021-12-01 00:00:00+03	150000	1
964	14	2021-12-01 00:00:00+03	100000	1
965	15	2021-12-01 00:00:00+03	0	1
966	16	2021-12-01 00:00:00+03	500000	1
967	17	2021-12-01 00:00:00+03	160000	1
968	18	2021-12-01 00:00:00+03	100000	1
969	19	2021-12-01 00:00:00+03	60000	1
970	20	2021-12-01 00:00:00+03	30000	1
\.


--
-- TOC entry 4921 (class 0 OID 16639)
-- Dependencies: 235
-- Data for Name: Revenues; Type: TABLE DATA; Schema: public; Owner: postgres
--

COPY public."Revenues" ("Id", "Date", "Amount", "OrganizationId") FROM stdin;
4	2024-04-16 00:00:00+03	800001.25	1
5	2024-04-17 00:00:00+03	834501.55	1
6	2024-04-16 00:00:00+03	740789.01	1
7	2024-04-15 00:00:00+03	71050.3	1
8	2024-04-16 00:00:00+03	82541.47	1
9	2024-04-17 00:00:00+03	907520.1	2
10	2024-04-18 00:00:00+03	834501.55	2
11	2024-04-19 00:00:00+03	740789.01	2
12	2024-04-20 00:00:00+03	907520.1	2
13	2024-04-21 00:00:00+03	800001.25	2
\.


--
-- TOC entry 4923 (class 0 OID 16645)
-- Dependencies: 237
-- Data for Name: Sections; Type: TABLE DATA; Schema: public; Owner: postgres
--

COPY public."Sections" ("Id", "Name", "Type") FROM stdin;
1		active
2		passive
\.


--
-- TOC entry 4925 (class 0 OID 16652)
-- Dependencies: 239
-- Data for Name: __EFMigrationsHistory; Type: TABLE DATA; Schema: public; Owner: postgres
--

COPY public."__EFMigrationsHistory" ("MigrationId", "ProductVersion") FROM stdin;
20240424172605_Init	8.0.4
20240424201925_Add Section and Attribute tables	8.0.4
20240424202320_AddIsRequired	8.0.4
\.


--
-- TOC entry 4934 (class 0 OID 0)
-- Dependencies: 217
-- Name: AccountsBalance_Id_seq; Type: SEQUENCE SET; Schema: public; Owner: postgres
--

SELECT pg_catalog.setval('public."AccountsBalance_Id_seq"', 10, true);


--
-- TOC entry 4935 (class 0 OID 0)
-- Dependencies: 218
-- Name: Accounts_Id_seq; Type: SEQUENCE SET; Schema: public; Owner: postgres
--

SELECT pg_catalog.setval('public."Accounts_Id_seq"', 4, true);


--
-- TOC entry 4936 (class 0 OID 0)
-- Dependencies: 220
-- Name: ActualIncomes_Id_seq; Type: SEQUENCE SET; Schema: public; Owner: postgres
--

SELECT pg_catalog.setval('public."ActualIncomes_Id_seq"', 961, true);


--
-- TOC entry 4937 (class 0 OID 0)
-- Dependencies: 222
-- Name: ActualOutcomes_Id_seq; Type: SEQUENCE SET; Schema: public; Owner: postgres
--

SELECT pg_catalog.setval('public."ActualOutcomes_Id_seq"', 8370, true);


--
-- TOC entry 4938 (class 0 OID 0)
-- Dependencies: 224
-- Name: Attributes_Id_seq; Type: SEQUENCE SET; Schema: public; Owner: postgres
--

SELECT pg_catalog.setval('public."Attributes_Id_seq"', 29, true);


--
-- TOC entry 4939 (class 0 OID 0)
-- Dependencies: 226
-- Name: IncomeStatements_Id_seq; Type: SEQUENCE SET; Schema: public; Owner: postgres
--

SELECT pg_catalog.setval('public."IncomeStatements_Id_seq"', 10, true);


--
-- TOC entry 4940 (class 0 OID 0)
-- Dependencies: 228
-- Name: Organizations_Id_seq; Type: SEQUENCE SET; Schema: public; Owner: postgres
--

SELECT pg_catalog.setval('public."Organizations_Id_seq"', 2, true);


--
-- TOC entry 4941 (class 0 OID 0)
-- Dependencies: 230
-- Name: OutcomeStatements_Id_seq; Type: SEQUENCE SET; Schema: public; Owner: postgres
--

SELECT pg_catalog.setval('public."OutcomeStatements_Id_seq"', 21, true);


--
-- TOC entry 4942 (class 0 OID 0)
-- Dependencies: 232
-- Name: PlannedIncomes_Id_seq; Type: SEQUENCE SET; Schema: public; Owner: postgres
--

SELECT pg_catalog.setval('public."PlannedIncomes_Id_seq"', 902, true);


--
-- TOC entry 4943 (class 0 OID 0)
-- Dependencies: 234
-- Name: PlannedOutcomes_Id_seq; Type: SEQUENCE SET; Schema: public; Owner: postgres
--

SELECT pg_catalog.setval('public."PlannedOutcomes_Id_seq"', 970, true);


--
-- TOC entry 4944 (class 0 OID 0)
-- Dependencies: 236
-- Name: Revenues_Id_seq; Type: SEQUENCE SET; Schema: public; Owner: postgres
--

SELECT pg_catalog.setval('public."Revenues_Id_seq"', 13, true);


--
-- TOC entry 4945 (class 0 OID 0)
-- Dependencies: 238
-- Name: Sections_Id_seq; Type: SEQUENCE SET; Schema: public; Owner: postgres
--

SELECT pg_catalog.setval('public."Sections_Id_seq"', 2, true);


--
-- TOC entry 4946 (class 0 OID 0)
-- Dependencies: 240
-- Name: balance_id_seq; Type: SEQUENCE SET; Schema: public; Owner: postgres
--

SELECT pg_catalog.setval('public.balance_id_seq', 15, true);


--
-- TOC entry 4706 (class 2606 OID 16656)
-- Name: Accounts PK_Accounts; Type: CONSTRAINT; Schema: public; Owner: postgres
--

ALTER TABLE ONLY public."Accounts"
    ADD CONSTRAINT "PK_Accounts" PRIMARY KEY ("Id");


--
-- TOC entry 4709 (class 2606 OID 16658)
-- Name: AccountsBalance PK_AccountsBalance; Type: CONSTRAINT; Schema: public; Owner: postgres
--

ALTER TABLE ONLY public."AccountsBalance"
    ADD CONSTRAINT "PK_AccountsBalance" PRIMARY KEY ("Id");


--
-- TOC entry 4713 (class 2606 OID 16660)
-- Name: ActualIncomes PK_ActualIncomes; Type: CONSTRAINT; Schema: public; Owner: postgres
--

ALTER TABLE ONLY public."ActualIncomes"
    ADD CONSTRAINT "PK_ActualIncomes" PRIMARY KEY ("Id");


--
-- TOC entry 4717 (class 2606 OID 16662)
-- Name: ActualOutcomes PK_ActualOutcomes; Type: CONSTRAINT; Schema: public; Owner: postgres
--

ALTER TABLE ONLY public."ActualOutcomes"
    ADD CONSTRAINT "PK_ActualOutcomes" PRIMARY KEY ("Id");


--
-- TOC entry 4720 (class 2606 OID 16664)
-- Name: Attributes PK_Attributes; Type: CONSTRAINT; Schema: public; Owner: postgres
--

ALTER TABLE ONLY public."Attributes"
    ADD CONSTRAINT "PK_Attributes" PRIMARY KEY ("Id");


--
-- TOC entry 4722 (class 2606 OID 16666)
-- Name: IncomeStatements PK_IncomeStatements; Type: CONSTRAINT; Schema: public; Owner: postgres
--

ALTER TABLE ONLY public."IncomeStatements"
    ADD CONSTRAINT "PK_IncomeStatements" PRIMARY KEY ("Id");


--
-- TOC entry 4724 (class 2606 OID 16668)
-- Name: Organizations PK_Organizations; Type: CONSTRAINT; Schema: public; Owner: postgres
--

ALTER TABLE ONLY public."Organizations"
    ADD CONSTRAINT "PK_Organizations" PRIMARY KEY ("Id");


--
-- TOC entry 4726 (class 2606 OID 16670)
-- Name: OutcomeStatements PK_OutcomeStatements; Type: CONSTRAINT; Schema: public; Owner: postgres
--

ALTER TABLE ONLY public."OutcomeStatements"
    ADD CONSTRAINT "PK_OutcomeStatements" PRIMARY KEY ("Id");


--
-- TOC entry 4730 (class 2606 OID 16672)
-- Name: PlannedIncomes PK_PlannedIncomes; Type: CONSTRAINT; Schema: public; Owner: postgres
--

ALTER TABLE ONLY public."PlannedIncomes"
    ADD CONSTRAINT "PK_PlannedIncomes" PRIMARY KEY ("Id");


--
-- TOC entry 4734 (class 2606 OID 16674)
-- Name: PlannedOutcomes PK_PlannedOutcomes; Type: CONSTRAINT; Schema: public; Owner: postgres
--

ALTER TABLE ONLY public."PlannedOutcomes"
    ADD CONSTRAINT "PK_PlannedOutcomes" PRIMARY KEY ("Id");


--
-- TOC entry 4737 (class 2606 OID 16676)
-- Name: Revenues PK_Revenues; Type: CONSTRAINT; Schema: public; Owner: postgres
--

ALTER TABLE ONLY public."Revenues"
    ADD CONSTRAINT "PK_Revenues" PRIMARY KEY ("Id");


--
-- TOC entry 4739 (class 2606 OID 16678)
-- Name: Sections PK_Sections; Type: CONSTRAINT; Schema: public; Owner: postgres
--

ALTER TABLE ONLY public."Sections"
    ADD CONSTRAINT "PK_Sections" PRIMARY KEY ("Id");


--
-- TOC entry 4741 (class 2606 OID 16680)
-- Name: __EFMigrationsHistory PK___EFMigrationsHistory; Type: CONSTRAINT; Schema: public; Owner: postgres
--

ALTER TABLE ONLY public."__EFMigrationsHistory"
    ADD CONSTRAINT "PK___EFMigrationsHistory" PRIMARY KEY ("MigrationId");


--
-- TOC entry 4743 (class 2606 OID 16766)
-- Name: Balance balance_pk; Type: CONSTRAINT; Schema: public; Owner: postgres
--

ALTER TABLE ONLY public."Balance"
    ADD CONSTRAINT balance_pk PRIMARY KEY ("Id");


--
-- TOC entry 4707 (class 1259 OID 16681)
-- Name: IX_AccountsBalance_AccountId; Type: INDEX; Schema: public; Owner: postgres
--

CREATE INDEX "IX_AccountsBalance_AccountId" ON public."AccountsBalance" USING btree ("AccountId");


--
-- TOC entry 4704 (class 1259 OID 16682)
-- Name: IX_Accounts_OrganizationId; Type: INDEX; Schema: public; Owner: postgres
--

CREATE INDEX "IX_Accounts_OrganizationId" ON public."Accounts" USING btree ("OrganizationId");


--
-- TOC entry 4710 (class 1259 OID 16683)
-- Name: IX_ActualIncomes_OrganizationId; Type: INDEX; Schema: public; Owner: postgres
--

CREATE INDEX "IX_ActualIncomes_OrganizationId" ON public."ActualIncomes" USING btree ("OrganizationId");


--
-- TOC entry 4711 (class 1259 OID 16684)
-- Name: IX_ActualIncomes_StatementId; Type: INDEX; Schema: public; Owner: postgres
--

CREATE INDEX "IX_ActualIncomes_StatementId" ON public."ActualIncomes" USING btree ("StatementId");


--
-- TOC entry 4714 (class 1259 OID 16685)
-- Name: IX_ActualOutcomes_OrganizationId; Type: INDEX; Schema: public; Owner: postgres
--

CREATE INDEX "IX_ActualOutcomes_OrganizationId" ON public."ActualOutcomes" USING btree ("OrganizationId");


--
-- TOC entry 4715 (class 1259 OID 16686)
-- Name: IX_ActualOutcomes_StatementId; Type: INDEX; Schema: public; Owner: postgres
--

CREATE INDEX "IX_ActualOutcomes_StatementId" ON public."ActualOutcomes" USING btree ("StatementId");


--
-- TOC entry 4718 (class 1259 OID 16687)
-- Name: IX_Attributes_SectionId; Type: INDEX; Schema: public; Owner: postgres
--

CREATE INDEX "IX_Attributes_SectionId" ON public."Attributes" USING btree ("SectionId");


--
-- TOC entry 4727 (class 1259 OID 16688)
-- Name: IX_PlannedIncomes_OrganizationId; Type: INDEX; Schema: public; Owner: postgres
--

CREATE INDEX "IX_PlannedIncomes_OrganizationId" ON public."PlannedIncomes" USING btree ("OrganizationId");


--
-- TOC entry 4728 (class 1259 OID 16689)
-- Name: IX_PlannedIncomes_StatementId; Type: INDEX; Schema: public; Owner: postgres
--

CREATE INDEX "IX_PlannedIncomes_StatementId" ON public."PlannedIncomes" USING btree ("StatementId");


--
-- TOC entry 4731 (class 1259 OID 16690)
-- Name: IX_PlannedOutcomes_OrganizationId; Type: INDEX; Schema: public; Owner: postgres
--

CREATE INDEX "IX_PlannedOutcomes_OrganizationId" ON public."PlannedOutcomes" USING btree ("OrganizationId");


--
-- TOC entry 4732 (class 1259 OID 16691)
-- Name: IX_PlannedOutcomes_StatementId; Type: INDEX; Schema: public; Owner: postgres
--

CREATE INDEX "IX_PlannedOutcomes_StatementId" ON public."PlannedOutcomes" USING btree ("StatementId");


--
-- TOC entry 4735 (class 1259 OID 16692)
-- Name: IX_Revenues_OrganizationId; Type: INDEX; Schema: public; Owner: postgres
--

CREATE INDEX "IX_Revenues_OrganizationId" ON public."Revenues" USING btree ("OrganizationId");


--
-- TOC entry 4745 (class 2606 OID 16693)
-- Name: AccountsBalance FK_AccountsBalance_Accounts_AccountId; Type: FK CONSTRAINT; Schema: public; Owner: postgres
--

ALTER TABLE ONLY public."AccountsBalance"
    ADD CONSTRAINT "FK_AccountsBalance_Accounts_AccountId" FOREIGN KEY ("AccountId") REFERENCES public."Accounts"("Id") ON DELETE CASCADE;


--
-- TOC entry 4744 (class 2606 OID 16698)
-- Name: Accounts FK_Accounts_Organizations_OrganizationId; Type: FK CONSTRAINT; Schema: public; Owner: postgres
--

ALTER TABLE ONLY public."Accounts"
    ADD CONSTRAINT "FK_Accounts_Organizations_OrganizationId" FOREIGN KEY ("OrganizationId") REFERENCES public."Organizations"("Id") ON DELETE CASCADE;


--
-- TOC entry 4746 (class 2606 OID 16703)
-- Name: ActualIncomes FK_ActualIncomes_IncomeStatements_StatementId; Type: FK CONSTRAINT; Schema: public; Owner: postgres
--

ALTER TABLE ONLY public."ActualIncomes"
    ADD CONSTRAINT "FK_ActualIncomes_IncomeStatements_StatementId" FOREIGN KEY ("StatementId") REFERENCES public."IncomeStatements"("Id") ON DELETE CASCADE;


--
-- TOC entry 4747 (class 2606 OID 16708)
-- Name: ActualIncomes FK_ActualIncomes_Organizations_OrganizationId; Type: FK CONSTRAINT; Schema: public; Owner: postgres
--

ALTER TABLE ONLY public."ActualIncomes"
    ADD CONSTRAINT "FK_ActualIncomes_Organizations_OrganizationId" FOREIGN KEY ("OrganizationId") REFERENCES public."Organizations"("Id") ON DELETE CASCADE;


--
-- TOC entry 4748 (class 2606 OID 16713)
-- Name: ActualOutcomes FK_ActualOutcomes_Organizations_OrganizationId; Type: FK CONSTRAINT; Schema: public; Owner: postgres
--

ALTER TABLE ONLY public."ActualOutcomes"
    ADD CONSTRAINT "FK_ActualOutcomes_Organizations_OrganizationId" FOREIGN KEY ("OrganizationId") REFERENCES public."Organizations"("Id") ON DELETE CASCADE;


--
-- TOC entry 4749 (class 2606 OID 16718)
-- Name: ActualOutcomes FK_ActualOutcomes_OutcomeStatements_StatementId; Type: FK CONSTRAINT; Schema: public; Owner: postgres
--

ALTER TABLE ONLY public."ActualOutcomes"
    ADD CONSTRAINT "FK_ActualOutcomes_OutcomeStatements_StatementId" FOREIGN KEY ("StatementId") REFERENCES public."OutcomeStatements"("Id") ON DELETE CASCADE;


--
-- TOC entry 4750 (class 2606 OID 16723)
-- Name: Attributes FK_Attributes_Sections_SectionId; Type: FK CONSTRAINT; Schema: public; Owner: postgres
--

ALTER TABLE ONLY public."Attributes"
    ADD CONSTRAINT "FK_Attributes_Sections_SectionId" FOREIGN KEY ("SectionId") REFERENCES public."Sections"("Id") ON DELETE CASCADE;


--
-- TOC entry 4751 (class 2606 OID 16728)
-- Name: PlannedIncomes FK_PlannedIncomes_IncomeStatements_StatementId; Type: FK CONSTRAINT; Schema: public; Owner: postgres
--

ALTER TABLE ONLY public."PlannedIncomes"
    ADD CONSTRAINT "FK_PlannedIncomes_IncomeStatements_StatementId" FOREIGN KEY ("StatementId") REFERENCES public."IncomeStatements"("Id") ON DELETE CASCADE;


--
-- TOC entry 4752 (class 2606 OID 16733)
-- Name: PlannedIncomes FK_PlannedIncomes_Organizations_OrganizationId; Type: FK CONSTRAINT; Schema: public; Owner: postgres
--

ALTER TABLE ONLY public."PlannedIncomes"
    ADD CONSTRAINT "FK_PlannedIncomes_Organizations_OrganizationId" FOREIGN KEY ("OrganizationId") REFERENCES public."Organizations"("Id") ON DELETE CASCADE;


--
-- TOC entry 4753 (class 2606 OID 16738)
-- Name: PlannedOutcomes FK_PlannedOutcomes_Organizations_OrganizationId; Type: FK CONSTRAINT; Schema: public; Owner: postgres
--

ALTER TABLE ONLY public."PlannedOutcomes"
    ADD CONSTRAINT "FK_PlannedOutcomes_Organizations_OrganizationId" FOREIGN KEY ("OrganizationId") REFERENCES public."Organizations"("Id") ON DELETE CASCADE;


--
-- TOC entry 4754 (class 2606 OID 16743)
-- Name: PlannedOutcomes FK_PlannedOutcomes_OutcomeStatements_StatementId; Type: FK CONSTRAINT; Schema: public; Owner: postgres
--

ALTER TABLE ONLY public."PlannedOutcomes"
    ADD CONSTRAINT "FK_PlannedOutcomes_OutcomeStatements_StatementId" FOREIGN KEY ("StatementId") REFERENCES public."OutcomeStatements"("Id") ON DELETE CASCADE;


--
-- TOC entry 4755 (class 2606 OID 16748)
-- Name: Revenues FK_Revenues_Organizations_OrganizationId; Type: FK CONSTRAINT; Schema: public; Owner: postgres
--

ALTER TABLE ONLY public."Revenues"
    ADD CONSTRAINT "FK_Revenues_Organizations_OrganizationId" FOREIGN KEY ("OrganizationId") REFERENCES public."Organizations"("Id") ON DELETE CASCADE;


--
-- TOC entry 4756 (class 2606 OID 16769)
-- Name: Balance balance_attributes_fk; Type: FK CONSTRAINT; Schema: public; Owner: postgres
--

ALTER TABLE ONLY public."Balance"
    ADD CONSTRAINT balance_attributes_fk FOREIGN KEY ("AttributesId") REFERENCES public."Attributes"("Id");


--
-- TOC entry 4757 (class 2606 OID 16774)
-- Name: Balance balance_organizations_fk; Type: FK CONSTRAINT; Schema: public; Owner: postgres
--

ALTER TABLE ONLY public."Balance"
    ADD CONSTRAINT balance_organizations_fk FOREIGN KEY ("OrganizationsId") REFERENCES public."Organizations"("Id");


-- Completed on 2024-04-28 14:47:22

--
-- PostgreSQL database dump complete
--

